CODIGO;Burro;CATEGORIA;TALLA;ESTADO;DESTINO;MODELO;MATERIAL;COLOR;FIRMA;Columna 11;COMENTARIO;Cola Desmontable;Descripción;;;;;;;;;;;;;
1;1;NOVIA;44;A;DESFILE;2456;Seda;Blanco;Patricia Avendaño;SI;;NO;Vestido palabra de honor de silueta sirena, con cuerpo drapeado y falda ajustada que termina en una cola amplia y fluida.;;;;;;;;;;;;;
2;1;NOVIA;44;A;DESFILE;8071;Chantilly;Marfil;Jesús Peiró;SI;;NO;Vestido de encaje de silueta sirena, con mangas largas transparentes y escote redondeado, rematado por una cola de encaje.;;;;;;;;;;;;;
3;1;NOVIA;42;A;DESFILE;2385;Seda;Marfil;Patricia Avendaño;SI;;NO;Vestido de novia con cuerpo estructurado y gran lazada lateral, acompañado de una falda voluminosa de volantes y capas de tul.;;;;;;;;;;;;;
4;1;NOVIA;44;A;DESFILE;Francesilla Dress PCO/12906;Poliester;Blanco;Yolan cris;SI;precio real 3450€ y wallapop precio 800€;NO;Vestido de líneas depuradas con escote en V, manga larga y silueta entallada que cae hasta una cola suave.;;;;;;;;;;;;;
5;1;NOVIA;44;A;DESFILE;Vilo;Poliester;Blanco;Franc Sarabia;SI;;NO;Vestido de encaje de silueta sirena, con escote ilusión y mangas largas transparentes, acompañado de una cola de encaje.;;;;;;;;;;;;;
6;1;NOVIA;44;A;DESFILE;-;Seda;Marfil;Jesús Peiró;SI;;NO;Vestido palabra de honor de gran volumen, con cuerpo ajustado y falda amplia de capas de tul con efecto ligero y etéreo.;;;;;;;;;;;;;
7;1;NOVIA;44;B;DESFILE;-;Seda;Marfil;Patricia Avendaño;SI;descosido en costuras de hombros y bajo;NO;Vestido de encaje de silueta sirena, con escote barco y mangas largas transparentes, de acabado clásico y elegante.;;;;;;;;;;;;;
8;1;NOVIA;44;A;DESFILE;-;Poliester;Blanco;Patricia Avendaño;NO;;NO;Vestido de escote recto y mangas largas transparentes, con cuerpo sencillo y falda amplia de caída fluida.;;;;;;;;;;;;;
9;2;NOVIA;;C;VENTA;-;Tul y encaje;Marfil;Jesús Peiró;NO;Con tara;NO;Vestido palabra de honor de corte entallado, con detalles de encaje y falda de varias capas que aporta volumen en el bajo.;;;;;;;;;;;;;
10;1;NOVIA;44;A;DESFILE;-;Poliester;Marfil;Aire Barcelona;SI;;NO;Vestido de línea sirena con cuerpo de encaje, escote suave y mangas cortas, de caída limpia y cola discreta.;;;;;;;;;;;;;
11;1;NOVIA;42;A;DESFILE;-;Seda;Marfil;Raimon Bundó;SI;Cuerpo - Dos piezas (junto al número 54);NO;Vestido palabra de honor de silueta sirena, con cuerpo drapeado y falda satinada que se abre suavemente hacia una cola amplia.;;;;;;;;;;;;;
12;1;NOVIA;42;A;DESFILE;Amores Tiranta;Poliester;Marfil;Victorio & Lucchino;SI;;NO;Vestido de novia de escote palabra de honor, con cuerpo texturizado y falda larga ligera de inspiración romántica.;;;;;;;;;;;;;
13;1;NOVIA;44;A;DESFILE;-;Seda;Marfil;Yolan cris;SI;;NO;Vestido de encaje con escote en V y mangas cortas, de cuerpo entallado y falda larga con varias capas y volumen en el bajo.;;;;;;;;;;;;;
14;1;NOVIA;42;A;DESFILE;-;Poliester;Marfil;Jesús Peiró;NO;;NO;Vestido palabra de honor con cuerpo drapeado y falda vaporosa de plisados y tul, terminada en una cola ligera.;;;;;;;;;;;;;
15;1;NOVIA;42;A;DESFILE;Itakura;Seda;Marfil;Hannibal Laguna;SI;Precio original 3360€;NO;Vestido palabra de honor de cuerpo drapeado, con detalle ornamental en la cadera y falda satinada de silueta sirena.;;;;;;;;;;;;;
16;2;NOVIA;44;A;VENTA;Colorado forrado;Seda Tul y encaje;Marfil;Yolan cris;SI;-2.962,50€;NO;Vestido de escote en V y cuerpo ajustado, con detalles de encaje y silueta sirena que termina en una cola fluida.;;;;;;;;;;;;;
17;2;NOVIA;44;A;VENTA;-;Tul raso y bordado;Blanco;Desconocido;NO;;NO;Vestido de novia de escote recto con cuerpo de encaje geométrico y falda ligera, de línea sencilla y cola suave.;;;;;;;;;;;;;
18;2;NOVIA;44;A;VENTA;-;Poliester;Marfil;Marisa Otazo;NO;;NO;Vestido minimalista de escote barco y manga corta, con silueta recta y caída limpia hasta el suelo.;;;;;;;;;;;;;
19;2;NOVIA;42;A;VENTA;-;Seda tul y encaje;Marfil;Victorio & Lucchino;NO;;NO;Vestido de escote corazón y cuerpo entallado, combinado con una amplia falda de tul vaporoso y cola ligera.;;;;;;;;;;;;;
20;2;NOVIA;42;A;VENTA;Dante;Seda Tul y encaje;Marfil;José María Peiró;SI;;NO;Vestido de encaje con escote barco y mangas largas transparentes, cintura marcada y falda fluida de gran caída.;;;;;;;;;;;;;
21;2;NOVIA;44;A;VENTA;-;Poliester;Marfil;Patricia Avendaño;SI;;NO;Vestido con pronunciado escote en V y cuerpo ajustado, acompañado de una espectacular falda de volantes escalonados.;;;;;;;;;;;;;
22;2;NOVIA;42;A;VENTA;Turín;Shantung de seda;Marfil;Raimon Bundó;SI;;NO;Vestido de manga larga y corte entallado, con escote estructurado y falda satinada de silueta sirena.;;;;;;;;;;;;;
23;2;NOVIA;42;A;VENTA;Palma bambula;Seda;Ocre;Raimon Bundó;SI;;NO;Vestido palabra de honor con cuerpo drapeado y falda entallada, rematada con volantes suaves en el bajo y la cola.;;;;;;;;;;;;;
24;2;NOVIA;44;A;VENTA;60-49;Chantilly CLEO Tul;Marfil;Jesús Peiró;SI;;NO;Vestido de encaje con escote en V y tirantes anchos, de cuerpo ajustado y falda de tul fluida con cola.;;;;;;;;;;;;;
25;2;NOVIA;44;A;VENTA;-;Poliester y encaje;Marfil;Raimon Bundó;SI;;NO;Vestido de encaje con mangas cortas y cintura marcada, combinado con una falda de volantes y capas de textura marcada.;;;;;;;;;;;;;
26;2;NOVIA;42;A;VENTA;23-72;Seda y encaje;Marfil;Patricia Avendaño;SI;;NO;Vestido de encaje con mangas largas y escote en V, de silueta entallada y gran detalle de volantes asimétricos en la falda.;;;;;;;;;;;;;
27;2;NOVIA;44;A;VENTA;80-16 - PUNTILLA DUOMO - malla GEOR;Raso;Marfil;Jesús Peiró;SI; - Dos piezas con cola desmontable;SI;Vestido de satén de escote profundo y cuerpo drapeado, con detalle lateral fruncido y falda recta de caída elegante.;;;;;;;;;;;;;
28;2;NOVIA;46;A;VENTA;32-29 - LUXY;Seda;Marfil;Teresa Ripoll;SI; - Con guantes;NO;Vestido de líneas limpias y escote barco, con mangas cortas transparentes, cuerpo entallado y falda recta con cola.;;;;;;;;;;;;;
29;1;NOVIA;44;A;DESFILE;3057 Mikado Shamtung;Seda Mikado Shamtung;Blanco roto;Jesús Peiró;NO;;NO;Vestido palabra de honor de satén, con gran volumen en la falda y espectacular detalle de lazada en la cintura.;;;;;;;;;;;;;
30;1;NOVIA;44;A;DESFILE;-;Poliester;Marfil;Raimon Bundó;NO;;NO;Vestido de encaje con mangas tres cuartos y escote redondeado, de silueta sirena y acabado clásico.;;;;;;;;;;;;;
31;3;NOVIA;44;A;VENTA;-;Poliester encaje y pedrería;Blanco roto;Alma Novia;NO;;NO;Vestido de cuerpo de encaje sin mangas y falda amplia de tul plisado, con una cola ligera y muy vaporosa.;;;;;;;;;;;;;
32;3;NOVIA;42;A;VENTA;23-91 - 5;Shantung;Marfil;Patricia Avendaño;SI;;NO;Vestido palabra de honor de silueta entallada, con cuerpo limpio y falda rematada por volantes escalonados.;;;;;;;;;;;;;
33;3;NOVIA;44;A;VENTA;24 - 91 - 5;Rayón Poliester;Blanco;Patricia Avendaño;SI;;NO;Vestido de encaje de silueta sirena, con escote barco amplio y detalles estructurados en los laterales de la cola.;;;;;;;;;;;;;
34;3;NOVIA;42;A;VENTA;4B105ENJET01420;Seda poliester y encaje;Blanco;Alba Novias;SI;;NO;Vestido palabra de honor de gran volumen, con falda amplia de tul y acabado ondulado en el borde.;;;;;;;;;;;;;
35;3;NOVIA;42;A;VENTA;Anna - A;Poliester y encaje;Blanco roto;José María Peiró;SI;. Con cola desmontable tipo chaqueta;SI;Vestido palabra de honor de encaje, de silueta sirena y cuerpo ajustado, con una cola de encaje discreta.;;;;;;;;;;;;;
36;3;NOVIA;44;A;VENTA;148;Seda shantung;Marfil;Jesús Peiró;SI;. Con cola desmontable;SI;Vestido de crepé de escote en V drapeado, espalda limpia y silueta sirena muy depurada.;;;;;;;;;;;;;
37;1;NOVIA;42;A;DESFILE;Chocolate 93201999003;Poliester + Seda;Crudo;Victorio & Lucchino;SI;;NO;Vestido palabra de honor con cuerpo ajustado y espectacular falda de tul en capas, de volumen ligero y cola vaporosa.;;;;;;;;;;;;;
38;3;NOVIA;42;A;VENTA;-;Poliester;Marfil;Patricia Avendaño;NO;Dos piezas;NO;Vestido de escote barco y manga corta, de líneas minimalistas y silueta recta con ligera caída satinada.;;;;;;;;;;;;;
39;3;NOVIA;42;A;VENTA;23-95;Seda;Marfil;Patricia Avendaño;SI;;NO;Vestido palabra de honor con cuerpo drapeado y falda amplia de plisados, de caída fluida y cola suave.;;;;;;;;;;;;;
40;3;NOVIA;44;A;VENTA;-;Poliester y encaje;Marfil;Franc Sarabia;NO;;NO;Vestido palabra de honor de encaje, ajustado al cuerpo y con silueta sirena que termina en una cola redondeada.;;;;;;;;;;;;;
41;3;NOVIA;44;A;VENTA;Cetus;Encaje y tul;Blanco roto;Inmaculada García;SI;;NO;Vestido de escote recto y cuerpo ajustado, con falda larga de caída fluida y pequeños pliegues que aportan movimiento.;;;;;;;;;;;;;
42;3;NOVIA;42;A;VENTA;oct-37;Raso y tul;Blanco roto;Jesús Peiró;SI;;NO;Vestido palabra de honor con cuerpo ajustado y amplia falda de tul, de aire romántico y volumen equilibrado.;;;;;;;;;;;;;
43;3;NOVIA;42;A;VENTA;-;Poliester y seda;Marfil;Marisa Otazo;NO;Dos piezas;NO;Vestido de escote cuadrado y tirantes anchos, de silueta recta y tejido satinado con caída limpia.;;;;;;;;;;;;;
44;3;NOVIA;44;A;VENTA;23-97;Seda;Marfil;Patricia Avendaño;SI;;NO;Vestido de escote cuadrado y cuerpo entallado, con falda fluida y volantes escalonados que prolongan la cola.;;;;;;;;;;;;;
45;3;NOVIA;44;A;VENTA;ICI46TUL0GPI440(Cañizal);Tul y guipur;Blanco;Aire Barcelona;SI;;NO;Vestido con cuerpo de encaje y escote redondeado, combinado con una amplia falda de tul de gran volumen.;;;;;;;;;;;;;
46;3;NOVIA;;A;VENTA;-;Seda;Marfil;Patricia Avendaño;NO;;NO;Vestido palabra de honor de satén, con cuerpo drapeado y espectacular bajo de volantes que aporta mucho movimiento.;;;;;;;;;;;;;
47;3;NOVIA;42;B;VENTA;90-75 voile garza;Organza;Blanco roto;Jesús Peiró;NO;;NO;Vestido de encaje con escote corazón y tirantes, combinado con una falda de tul ligera y vaporosa.;;;;;;;;;;;;;
48;3;NOVIA;44;A;VENTA;26-16 Type MB;Seda y encaje;Marfil;Patricia Avendaño;SI;;NO;Vestido de aspecto metalizado, con cuerpo ajustado y falda de volantes y bandas horizontales de gran efecto visual.;;;;;;;;;;;;;
49;3;NOVIA;42;A;VENTA;oct-24;Chantilly;Marfil;Jesús Peiró;NO;;NO;Vestido palabra de honor de corte clásico, con cintura marcada y falda amplia de tul suave y cola ligera.;;;;;;;;;;;;;
50;3;NOVIA;;B;VENTA;22-14 JMGMF;Seda;Marfil;Patricia Avendaño;SI;;NO;Vestido de líneas sencillas y escote redondeado, con cintura destacada mediante un cinturón ancho de tono dorado.;;;;;;;;;;;;;
51;3;NOVIA;44;A;VENTA;KLEMING;Seda;Marfil;Hannibal Laguna;SI;-2.610€;NO;Vestido de cuerpo drapeado y gran lazada en la cintura, con falda larga de caída fluida y cola.;;;;;;;;;;;;;
52;3;NOVIA;42;A;VENTA;7CI59ORGA0B1420;Organza;Blanco roto;Aire Barcelona;SI;;NO;Vestido de escote en V y cintura marcada, con una falda espectacular formada por múltiples capas y volantes de tul.;;;;;;;;;;;;;
53;3;NOVIA;;A;VENTA;-;Poliester;Blanco;Jesús Peiró;NO;;NO;Vestido de manga larga y escote cuadrado, de silueta sirena y tejido liso, con una cola amplia y limpia.;;;;;;;;;;;;;
54;1;NOVIA;42;A;DESFILE;-;seda + poliester;Marfil;Marisa Otazo;SI;Falda - Dos piezas (junto al número 11);NO;Falda satinada que se abre suavemente hacia una cola amplia.;;;;;;;;;;;;;
55;4;NOVIA;44;A;VENTA;ILONA;encaje;Blanco roto;La Sposa;SI;;NO;Vestido de encaje de manga corta y escote redondeado, con cuerpo ajustado y falda sirena rematada por una cola de encaje.;;;;;;;;;;;;;
56;4;NOVIA;42;A;VENTA;;;;Raimon Bundó;NO;2 piezas;NO;Vestido de escote cuadrado y tirantes anchos, con cuerpo ajustado y falda amplia de satén de caída elegante.;;;;;;;;;;;;;
57;4;NOVIA;38;B;VENTA;-;;;Victorio & Lucchino;NO;descosido en cadera;NO;Vestido de cuerpo ajustado con escote suave y falda de volantes superpuestos, de marcado movimiento en el bajo.;;;;;;;;;;;;;
58;4;NOVIA;44;A;VENTA;7005 Otoman;Algodón;Marfil;Jesús Peiró;SI;Brillate frontal descosido;NO;Vestido palabra de honor de líneas minimalistas, con falda satinada de caída limpia y una larga cola.;;;;;;;;;;;;;
59;4;NOVIA;42;A;VENTA;1010 vestido y bolero mikado R;;Marfil;Jesús Peiró;SI;detalle bolsillos va con bolero;NO;Vestido de escote barco y mangas cortas, con cuerpo entallado y falda satinada amplia de corte clásico.;;;;;;;;;;;;;
60;4;NOVIA;42;A;VENTA;-;Poliester;Marfil;José María Peiró;NO;;NO;Vestido de escote barco y tirantes anchos, de silueta limpia y falda larga de caída recta con pequeña cola.;;;;;;;;;;;;;
61;4;NOVIA;42;A;VENTA;-;;;Novia d'Art;NO;;NO;Vestido de cuerpo drapeado y detalle lateral de lazada, con falda de volantes suaves y silueta muy femenina.;;;;;;;;;;;;;
62;4;NOVIA;44;A;VENTA;-;Crochet Virgolin;;Jesús Peiró;NO;;NO;Vestido de escote halter con cuerpo estructurado y detalle de lazada en la cintura, combinado con una falda ligera de tul plisado.;;;;;;;;;;;;;
63;4;NOVIA;44;A;VENTA;-;Encaje;;Raimon Bundó;NO;;NO;Vestido de escote cuadrado y cuerpo ajustado, con falda larga de caída limpia y cola amplia.;;;;;;;;;;;;;
64;4;NOVIA;44;A;VENTA;2526 VG002;BROCADO;;Patricia Avendaño;SI;;NO;Vestido de escote barco drapeado y mangas cortas, con cuerpo entallado y falda de encaje amplia con larga cola.;;;;;;;;;;;;;
65;4;NOVIA;44;A;VENTA;2483 tipo;Poliester;Marfil;Patricia Avendaño;SI;Cola desmontable;SI;Vestido de escote cuadrado y manga corta, de silueta recta y minimalista, con ligera cola.;;;;;;;;;;;;;
66;4;NOVIA;42;A;VENTA;2368;Seda;Blanco roto;Patricia Avendaño;SI;;NO;Vestido de cuerpo plisado horizontal y silueta sirena, con falda formada por numerosos volantes superpuestos.;;;;;;;;;;;;;
67;4;NOVIA;44;A;VENTA;v13 dulce organza y encaje;organza y encaje;Marfil;Raimon Bundó;SI;Etiqueta original descosida;NO;Vestido palabra de honor de cuerpo limpio y falda de tul vaporoso, con silueta amplia y cola ligera.;;;;;;;;;;;;;
68;4;NOVIA;44;B;VENTA;2036 vestido bordado rosa rosa;Seda;Marfil;Jesús Peiró;SI;Etiqueta original sin coser. Descosido culo;NO;Vestido de un solo hombro, completamente trabajado en encaje, con silueta sirena y cola de encaje.;;;;;;;;;;;;;
69;4;NOVIA;42;A;VENTA;;Seda;Blanco roto;Raimon Bundó;NO;;NO;Vestido de cuerpo de encaje palabra de honor y falda amplia de tul, de aire romántico y cola ligera.;;;;;;;;;;;;;
70;4;NOVIA;42;A;VENTA;Dalia Bis 103201017003;Tul Poliester;Crudo;Victorio & Lucchino;SI;Precio etiqueta 3100€;NO;Vestido de tirantes anchos y escote recto, con silueta limpia y falda larga de caída suave y cola.;;;;;;;;;;;;;
71;4;NOVIA;44;A;VENTA;5050 Vestido con sobrecola mik;mikado tafetán;Blanco roto;Jesús Peiró;SI;etiqueta original descosida con cola desmontable;SI;Vestido de escote en V y manga corta, con cintura marcada mediante drapeado y falda recta de líneas depuradas.;;;;;;;;;;;;;
72;4;NOVIA;46;C;VENTA;-;Seda;Blanco roto;Yolan cris;SI;;NO;Vestido de inspiración vintage con escote halter de tul y encaje, cuerpo estructurado y falda de varias capas de volantes.;;;;;;;;;;;;;
73;4;NOVIA;44;A;VENTA;2C1C2MICA001440;Poliester;Blanco roto;Aire Barcelona;SI;Cola desmontable;SI;Vestido de escote cuadrado y tirantes anchos, de silueta recta en tejido satinado y cola suave.;;;;;;;;;;;;;
74;4;NOVIA;42;A;VENTA;-;Seda shantung, encaje y pedrería;Marfil;Raimon Bundó;NO; con cola desmontable;SI;Vestido de tono champán con cuerpo de encaje y falda satinada entallada, de silueta elegante y cola corta.;;;;;;;;;;;;;
75;4;NOVIA;42;A;VENTA;-;Seda y poliester;Blanco roto;Victorio & Lucchino;NO;;NO;Vestido de líneas minimalistas, escote redondeado y tirantes anchos, con silueta recta y pequeña cola.;;;;;;;;;;;;;
76;4;NOVIA;42;A;VENTA;Alemania Mikado;Poliester;Marfil;Raimon Bundó;SI;con cola desmontable;SI;Vestido de escote cuadrado y mangas largas, de silueta entallada y tejido liso, con una cola limpia y elegante.;;;;;;;;;;;;;
77;4;NOVIA-COMPLEMENTO;42;A;VENTA;;Seda;Marfil;Patricia Avendaño;NO;Abrigo de novia;NO;Abrigo de tono champán con manga larga y escote en V, de corte elegante y fluido, con botones y acabados estructurados.;;;;;;;;;;;;;
78A;2;NOVIA-COMPLEMENTO;44;A;VENTA;MN567;Poliester;Blanco roto, Ivory;Manu Álvarez;SI;Chaquetita novia. Precio: 30€;;;;;;;;;;;;;;;
79;2;NOVIA-COMPLEMENTO;42;A;VENTA;;Seda, Poliester;Marfil;Raimon Bundó;NO;Torera novia;;;;;;;;;;;;;;;
80;2;NOVIA-COMPLEMENTO;;A;VENTA;;Encaje, Poliester;Blanco;Desconocido;NO;Torera novia;;;;;;;;;;;;;;;
81;2;NOVIA-COMPLEMENTO;42;A;VENTA;;Tul, Pedreria;Blanco;Desconocido;NO;Torera novia;;;;;;;;;;;;;;;
82;2;NOVIA-COMPLEMENTO;46;A;VENTA;3197;Seda;Cafe con leche;Teresa Ripoll;SI;Capita de novia. ;;;;;;;;;;;;;;;
83;CAJA;NOVIA-COMPLEMENTO;VELO;A;VENTA;;Tul;Blanco;Desconocido;NO;Tul plumeti. Precio: 195€;;;;;;;;;;;;;;;
84;CAJA;NOVIA-COMPLEMENTO;VELO;A;VENTA;;Tul;Beige;Desconocido;NO;Tul beige bordado. Precio: 390€;;;;;;;;;;;;;;;
85;CAJA;NOVIA-COMPLEMENTO;VELO;A;VENTA;;Tul;Blanco;Desconocido;NO;Tul beige bordado. Precio: 195€;;;;;;;;;;;;;;;
86;CAJA;NOVIA-COMPLEMENTO;VELO;A;VENTA;;Tul;Beige;Desconocido;NO;Tul beige bordado. Precio: 195€;;;;;;;;;;;;;;;
87;4;NOVIA;FALDA;B;VENTA;;;Marfil;Raimon Bundó;NO;Con manchas;;Vestido de encaje de manga larga y escote redondeado, con cuerpo entallado y falda satinada de silueta sirena y cola suave.;;;;;;;;;;;;;
88;CAJA;NOVIA-COMPLEMENTO;;A;VENTA;;Tul, Chantilly;Blanco;Jesús Peiró;SI;Velo Precio 390€;;;;;;;;;;;;;;;
89;CAJA;NOVIA-COMPLEMENTO;;B;VENTA;;Tul y puntilla;Blanco roto;Desconocido;NO;Velo - Piquetillo;;;;;;;;;;;;;;;
90;CAJA;NOVIA-COMPLEMENTO;;A;VENTA;;Tul, Seda;Rosa-palo;Desconocido;NO;Velo Precio marcado 200€;;;;;;;;;;;;;;;
91;CAJA;NOVIA-COMPLEMENTO;;A;VENTA;;Tul;Blanco;Desconocido;NO;Velo;;;;;;;;;;;;;;;
92;CAJA;NOVIA-COMPLEMENTO;;A;VENTA;;Tul y puntilla;Champange;Desconocido;NO;Velo Precio 490€;;;;;;;;;;;;;;;
93;CAJA;NOVIA-COMPLEMENTO;;B;VENTA;;Tul;Salmón;Desconocido;NO;Chal - Tiene un tijeretazo;;;;;;;;;;;;;;;
94;CAJA;INVITADA-COMPLEMENTO;;A;VENTA;;Raso, Elastomero;Verde manzana;Desconocido;NO;Chal;;;;;;;;;;;;;;;
95;CAJA;NOVIA-COMPLEMENTO;;C;VENTA;;Gasa;Beige;Desconocido;NO;chaquetilla  - Varias roturas;;;;;;;;;;;;;;;
96;CAJA;NOVIA-COMPLEMENTO;;A;VENTA;;Tul y puntilla;Blanco roto;Esperanza Bertrán;SI;chaquetilla  Precio 150€;;;;;;;;;;;;;;;
98;CAJA;INVITADA-COMPLEMENTO;;A;VENTA;;Malla, Chantilly;Gris;Desconocido;NO;Chal;;;;;;;;;;;;;;;
99;CAJA;INVITADA-COMPLEMENTO;;A;VENTA;;Raso;Rojo;Desconocido;NO;Chal;;;;;;;;;;;;;;;
100;CAJA;INVITADA-COMPLEMENTO;;A;VENTA;;Raso;Fucsia;Desconocido;NO;Chal;;;;;;;;;;;;;;;
101;CAJA;NOVIA-COMPLEMENTO;;A;VENTA;luz 3 volantes;Tul;Blanco roto , Marfil;IBERNOVIA;NO;Cancán;;;;;;;;;;;;;;;
102;CAJA;NOVIA-COMPLEMENTO;;A;VENTA;luz 3 volantes;Tul;Blanco roto , Marfil;IBERNOVIA;NO;Cancán;;;;;;;;;;;;;;;
103;CAJA;NOVIA-COMPLEMENTO;;A;VENTA;luz 3 volantes;Tul;Blanco roto , Marfil;IBERNOVIA;NO;Cancán;;;;;;;;;;;;;;;
104;CAJA;NOVIA-COMPLEMENTO;;A;VENTA;luz 3 volantes;Tul;Blanco roto , Marfil;IBERNOVIA;NO;Cancán;;;;;;;;;;;;;;;
105;CAJA;NOVIA-COMPLEMENTO;;A;VENTA;luz 3 volantes;Tul;Blanco roto , Marfil;IBERNOVIA;NO;Cancán;;;;;;;;;;;;;;;
106;CAJA;NOVIA-COMPLEMENTO;;A;VENTA;;Licra y tul, Tul y puntilla;Crudo;Desconocido;NO;Cancán;;;;;;;;;;;;;;;
107;CAJA;NOVIA-COMPLEMENTO;;A;VENTA;Erlinda;Licra y tul, Tul y puntilla;Crudo;Deliq;NO;Cancán;;;;;;;;;;;;;;;
109;CAJA;NOVIA-COMPLEMENTO;;A;VENTA;;Licra y tela fuerte;Crudo;Desconocido;NO;Cancán;;;;;;;;;;;;;;;
110;CAJA;NOVIA-COMPLEMENTO;;A;VENTA;;Licra y tul, Seda;Blanco;Desconocido;NO;Cancán;;;;;;;;;;;;;;;
A01;7-B;ARRAS - NIÑA;4 años;A;VENTA;;100% Algodón;Beige/Cinturón Verde y Rosa;Mundo novias;NO;;;;;;;;;;;;;;;;
A02;7-B;ARRAS - NIÑA;4 años;A;VENTA;;100% Algodón;Beige/Cinturón Verde y Rosa;Mundo novias;NO;;;;;;;;;;;;;;;;
A03;7-B;ARRAS - NIÑA;7 años;A;VENTA;;Seda natural;Marrón + Tul;Cora;NO;;;;;;;;;;;;;;;;
A04;7-B;ARRAS - NIÑA;3 años;A;VENTA;;Seda natural;Marrón + Tul;Cora;NO;;;;;;;;;;;;;;;;
A05;7-B;ARRAS - NIÑA;4 años;A;VENTA;Celia;Seda natural / poliester;Dorado;Creaciones Nalia;SI;;;;;;;;;;;;;;;;
A06;7-B;ARRAS - NIÑA;6 años;A;VENTA;;100% seda;Crema;Mundo novias;NO;;;;;;;;;;;;;;;;
A07;7-B;ARRAS - NIÑA;;A;VENTA;;Seda natural;Champange/Cinturón verde;Desconocido;NO;;;;;;;;;;;;;;;;
A08;7-B;ARRAS - NIÑA;;A;VENTA;;Seda natural;Champange/Lazo verde;Desconocido;NO;;;;;;;;;;;;;;;;
A09;7-B;ARRAS - NIÑA;6 años;A;VENTA;;100% Algodón;Crema;Mundo novias;NO;;;;;;;;;;;;;;;;
A10;7-B;ARRAS - NIÑO;2 años;A;VENTA;;100% Algodón;Azul celeste;Mundo novias;NO; 2 piezas;;;;;;;;;;;;;;;
A11;7-B;ARRAS - NIÑA;4 años;A;VENTA;;100% Algodón;Azul celeste;Mundo novias;NO;;;;;;;;;;;;;;;;
A12;7-B;ARRAS - NIÑA;6 años;A;VENTA;;100% Algodón;Azul celeste;Mundo novias;NO;;;;;;;;;;;;;;;;
A13;7-B;ARRAS - NIÑA;2 años;A;VENTA;;100% Algodón;Azul celeste;Mundo novias;NO;;;;;;;;;;;;;;;;
A14;7-B;ARRAS - NIÑA;2 años;A;VENTA;;Poliester / Algodón;Crema;Mundo novias;NO;;;;;;;;;;;;;;;;
A15;7-B;ARRAS - NIÑA;;A;VENTA;;Seda;Champange;Mundo novias;NO;;;;;;;;;;;;;;;;
A16;7-B;ARRAS - NIÑA;;A;VENTA;;Seda;Champange/Burdeos;Mundo novias;NO;;;;;;;;;;;;;;;;
A17;7-B;ARRAS - NIÑA;6 años;A;VENTA;;100% Algodón;Rosa pastel;Mundo novias;NO;;;;;;;;;;;;;;;;
A18;7-B;ARRAS - NIÑA;4 años;A;VENTA;;100% Algodón;Rosa pastel;Mundo novias;NO;;;;;;;;;;;;;;;;
A19;7-B;ARRAS - NIÑA;2 años;A;VENTA;;100% Algodón;Rosa pastel;Mundo novias;NO;;;;;;;;;;;;;;;;
A20;7-B;ARRAS - NIÑO;4 años;A;VENTA;;100% Algodón;Rosa pastel;Mundo novias;NO;;;;;;;;;;;;;;;;
A21;7-B;ARRAS - NIÑO;2 años;A;VENTA;15;Poliester / Algodón;Crema / Burdeos;Luxy;SI; Precio etiqueta 66€;;;;;;;;;;;;;;;
A22;7-B;ARRAS - NIÑO;3 años;A;VENTA;Piter 14;100% Algodón / Poliester;Crema / Burdeos;Luxy;SI; Precio etiqueta 36€;;;;;;;;;;;;;;;
A23;7-B;ARRAS - NIÑA;;A;VENTA;;Seda / Terciopelo;Champange / Burdeos;Desconocido;NO;;;;;;;;;;;;;;;;
A24;7-B;ARRAS - NIÑA;;A;VENTA;;Seda / Terciopelo;Burdeos;Desconocido;NO;;;;;;;;;;;;;;;;
C01;5;COMUNIÓN NIÑA;34;A;VENTA;;;Blanco;CHARO;NO;;;;;;;;;;;;;;;;
C02;5;COMUNIÓN NIÑA;115;A;VENTA;;Poliester;Blanco;Paola Dominguín;NO; LAZO ROSA;;;;;;;;;;;;;;;
C03;5;COMUNIÓN NIÑA;;A;VENTA;;;Champange;Desconocido;NO;ENAGUA ROSA;;;;;;;;;;;;;;;
C04;5;COMUNIÓN NIÑA;;A;VENTA;;;Blanco;Desconocido;NO;DETALLE FLOR AZUL DESMONTABLE;;;;;;;;;;;;;;;
C05;5;COMUNIÓN NIÑA;6;A;VENTA;;Algodón;Blanco;Desconocido;NO;;;;;;;;;;;;;;;;
C06;5;COMUNIÓN NIÑA;115;A;VENTA;;Algodón;Beige;Paola Dominguín;NO;LAZO ROSA;;;;;;;;;;;;;;;
C07;5;COMUNIÓN NIÑA;;B;VENTA;;;Blanco;Desconocido;NO;FLORES DESMONTABLES Y CUELLO SIN REMATAR;;;;;;;;;;;;;;;
C08;5;COMUNIÓN NIÑA;115;A;VENTA;P5602016X007X66;Poliester;Blanco;Cemaros;SI;;;;;;;;;;;;;;;;
C09;5;COMUNIÓN NIÑA;115;A;VENTA;P5602015XXXX7063;Poliester;Blanco;Cemaros;SI;FLOR DESMONTABLE;;;;;;;;;;;;;;;
C10;5;COMUNIÓN NIÑA;;A;VENTA;;Seda;Beige;MARIA JOSÉ MORA ARTESANÍA DE LA TORRE;NO;FLORES DESMONTABLES;;;;;;;;;;;;;;;
C11;5;COMUNIÓN NIÑA;;B;VENTA;;;Champange;LUXY;SI;FLOR DESMONTABLE, LAZO SUCIO, Precio 290€;;;;;;;;;;;;;;;
C12;5;COMUNIÓN NIÑA;34;A;VENTA;;Algodón;Blanco;CHARO;NO;;;;;;;;;;;;;;;;
C13;5;COMUNIÓN NIÑA;32;A;VENTA;;Algodón;Blanco;Desconocido;NO;;;;;;;;;;;;;;;;
C14;5;COMUNIÓN NIÑA;115;A;VENTA;;;Beige;CARMY;NO;FLORES DESMONTABLES;;;;;;;;;;;;;;;
C15;5;COMUNIÓN NIÑA;GRANDE;A;VENTA;;;Blanco;Desconocido;NO;FLORES DESMONTABLES;;;;;;;;;;;;;;;
C16;5;COMUNIÓN NIÑA;9;A;VENTA;SERIE 6010 MODELO 1677;;Beige;RUBIO KIDS;SI;Precio 690;;;;;;;;;;;;;;;
C17;5;COMUNIÓN NIÑA;100;A;VENTA;P412 20160040XX8;Gasa;Blanco;Cemaros;SI;FLOR DESMONTABLE;;;;;;;;;;;;;;;
C18;5;COMUNIÓN NIÑO;9;B;VENTA;8403;;AZUL CLARO;RUBIO KIDS;SI;FALTA BOTÓN INTERNO EN CUELLO Y ALGO EN CUELLOS, 490€;;;;;;;;;;;;;;;
C19;5;COMUNIÓN NIÑO;29;A;VENTA;9130202;;AZUL CLARO;ALFA 3;SI;Precio 250;;;;;;;;;;;;;;;
C20;5;COMUNIÓN NIÑO;27;A;VENTA;9110012;;Blanco;ALFA 3;SI;ORNAMENTACION EN AZUL MARINO;;;;;;;;;;;;;;;
C21;5;COMUNIÓN NIÑO;12;A;VENTA;;Poliester;Beige;SARET,S;NO;ORNAMENTACION EN AZUL MARINO;;;;;;;;;;;;;;;
C22;5;COMUNIÓN NIÑO;11;A;VENTA;118223;;CAMEL;HORTENSIA MAESO;SI;;;;;;;;;;;;;;;;
C23;5;COMUNIÓN NIÑO;9;A;VENTA;E919202;;Rojo;ALFA 3;SI;4 PIEZAS CON CAMISA Y PAJARITA. COLORES ROJO,MARINO Y BLANCO 190€;;;;;;;;;;;;;;;
C24;caja;ZAPATO COMUNIÓN NIÑO;37;B;VENTA;;PIEL Y CUERO;Beige;Desconocido;NO;ZAPATOS BEIG AHUMADO Y SUELA USADA;;;;;;;;;;;;;;;
C25;caja;ZAPATO COMUNIÓN NIÑO;34;A;VENTA;14402 HABANA TANGON;LINO;Blanco;RUBIO KIDS;NO;ZAPATOS LINO YUTE COLOR BLANCO BEIG ;;;;;;;;;;;;;;;
C26;caja;ZAPATO COMUNIÓN NIÑO;34;A;VENTA;14402 HABANA TANGON;LINO;Blanco;RUBIO KIDS;NO;ZAPATOS LINO YUTE COLOR BLANCO BEIG ;;;;;;;;;;;;;;;
C27;caja;ZAPATO COMUNIÓN NIÑA;31;A;VENTA;14452 BAILARINA ELASTICO LISA;;Rosa-palo;RUBIO KIDS;NO;ZAPATOS ROSA CON PUNTA PLATEADA . CAJA CON OTRA TALLA;;;;;;;;;;;;;;;
C28;caja;ZAPATO COMUNIÓN NIÑA;32;A;VENTA;M940200 MARLA PS OCRE;PIEL Y CUERO;Blanco;MARLA;NO;ZAPATOS;;;;;;;;;;;;;;;
C29;caja;ZAPATO COMUNIÓN NIÑO;36;B;VENTA;;PIEL Y CUERO;Azul oscuro;GALES BRITAINS;NO;ZAPATOS SUELA USADA;;;;;;;;;;;;;;;
C30;caja;ZAPATO COMUNIÓN NIÑA;36;A;VENTA;14452 BAILARINA ELASTICO LISA;PIEL;Blanco, Rosa-palo;RUBIO KIDS;NO;ZAPATOS TELA Y PIEL ROSA CON PUNTA PLATEADA;;;;;;;;;;;;;;;
C31;7-B;COMUNION - COMPLEMENTO;10;A;VENTA;423T-10;Dralon;Blanco;Esperanza Bertrán;SI;Chaqueta niña;;;;;;;;;;;;;;;
C32;7-B;COMUNION - COMPLEMENTO;10;A;VENTA;423T-10;Dralon;Blanco;Esperanza Bertrán;SI;Chaqueta niña;;;;;;;;;;;;;;;
C33;7-B;COMUNION - COMPLEMENTO;8;A;VENTA;6423;Viscosa / Acrilico;Arena;Rubio Kids;SI;Chaqueta niña;;;;;;;;;;;;;;;
C34;7-B;COMUNION - COMPLEMENTO;10;A;VENTA;6629;Viscosa / Acrilico;Verde agua;Rubio Kids;SI;Chaqueta niña;;;;;;;;;;;;;;;
C35;7-B;COMUNION - COMPLEMENTO;8;A;VENTA;6628;Viscosa / Acrilico;Rosa;Rubio Kids;SI;Chaqueta niña;;;;;;;;;;;;;;;
C36;7-B;COMUNION - COMPLEMENTO;S;A;VENTA;Bolero B 500 pearl/s;Angora;Ivory (Crema);Jesús Peiró;SI;Chaqueta niña;;;;;;;;;;;;;;;
C37;7-B;COMUNION - COMPLEMENTO;;A;VENTA;;;Crema;Desconocido;NO;Chaqueta niña;;;;;;;;;;;;;;;
C38;caja;ZAPATO COMUNIÓN NIÑO;35;A;VENTA;14402 HABANA TANGON;LINO;Blanco;RUBIO KIDS;NO;ZAPATOS LINO YUTE COLOR BLANCO BEIG ;;;;;;;;;;;;;;;
C39;caja;ZAPATO COMUNIÓN NIÑA;32;A;VENTA;1101;PIEL;Beige;GALES BRITAINS;SI;ZAPATOS - Precio marcado 51,90€;;;;;;;;;;;;;;;
G01;CAJA;INVITADA-COMPLEMENTO;;A;VENTA;;;Azul;Ibernovia;SI;Guantes;;;;;;;;;;;;;;;
G02;CAJA;COMUNION - COMPLEMENTO;;A;VENTA;2950;;Blanco;Desconocido;NO;11 unidades guantes de comunion;;;;;;;;;;;;;;;
G03;CAJA;COMUNION - COMPLEMENTO;;A;VENTA;2987;;Blanco;Ibernovia;SI;Guantes comunión;;;;;;;;;;;;;;;
I01;6;INVITADA;46;B;VENTA;;Seda, Poliester, Acetato;Malva, Marron;Carlota S.A;NO;Descosido hombro, trasero y cremallera;;Conjunto de fiesta en morado, formado por chaqueta entallada con solapas y vestido de línea recta hasta la rodilla. Detalles de contraste en el acabado.;;;;;;;;;;;;;
I02;6;INVITADA;44;A;VENTA;Mar;Seda, Poliester, Elastomero;Rojo;Victorio & Lucchino;NO;;;Vestido largo rojo de manga corta con escote redondeado y cuerpo drapeado. La falda cae de forma fluida hasta el suelo.;;;;;;;;;;;;;
I03;6;INVITADA;46;A;VENTA;Penélope;Poliester;Rojo;Victoria;NO;Broche flor;;Vestido largo rojo de manga larga y corte recto, acompañado de una elegante estola drapeada con gran flor aplicada en el hombro.;;;;;;;;;;;;;
I04;6;INVITADA;;A;VENTA;;Seda;Naranja;J. Perez Valete;NO;Chal verde;;Vestido largo naranja de manga corta, con cuerpo fruncido y silueta ligeramente sirena. Diseño vibrante y muy favorecedor.;;;;;;;;;;;;;
I05;6;INVITADA;46/48;A;VENTA;18161-X;Seda, Triacetato;Gris perla;Fely Campo;SI;. 2 piezas;;Conjunto de fiesta en azul grisáceo con chaqueta corta de manga corta y vestido recto hasta la rodilla. Acabado satinado y elegante.;;;;;;;;;;;;;
I06;6;INVITADA;46;A;VENTA;3392-V-1;Triacetato, Poliester;Beige, Negro;Teresa Ripoll;SI;;;Vestido de fiesta bicolor, con cuerpo blanco de manga corta y falda negra recta. Diseño sencillo y sofisticado.;;;;;;;;;;;;;
I07;6;INVITADA;46;B;VENTA;2155;Seda;Verde oliva;Teresa Ripoll;SI;. 3 piezas . Mancha trasero;;Vestido largo verde salvia de manga larga, con escote barco y cuerpo ligeramente drapeado. Silueta recta y elegante.;;;;;;;;;;;;;
I08;6;INVITADA;;A;VENTA;;Seda, Algodón;Negro, Blanco;Teresa Ripoll;NO;;;Vestido de fiesta bicolor blanco y negro, de manga corta y escote redondeado. Cintura marcada y falda recta hasta la rodilla.;;;;;;;;;;;;;
I09;6;INVITADA;46;A;VENTA;1693 TIPO;Seda;Morado;Patricia Avendaño;SI;. 3 piezas;;Vestido corto morado de manga larga, con escote cruzado y drapeado en la cintura. Silueta entallada y elegante.;;;;;;;;;;;;;
I10;6;INVITADA;46;A;VENTA;;Seda, Poliester;Verde, Lila;Teresa Ripoll;SI;. 2 piezas;;Vestido verde esmeralda de palabra de honor, con gran lazada estructurada en la cintura. Falda corta y entallada.;;;;;;;;;;;;;
I11;6;INVITADA;44;A;VENTA;2U296;Acetato, Poliester;Coral;Aire Barcelona;SI;. 2 piezas;;Vestido corto fucsia de encaje integral, con manga larga y silueta recta. Diseño femenino y sofisticado.;;;;;;;;;;;;;
I12;6;INVITADA;46;A;VENTA;1937.015 GR;Acetato, Poliester;Malva;Patricia Avendaño;SI;. Broche;;Vestido morado de cóctel con cuerpo de encaje, manga corta y cintura marcada con lazo. Falda recta hasta la rodilla.;;;;;;;;;;;;;
I13;6;INVITADA;44;A;VENTA;;Seda, Poliester, Acetato;Gris;Maria Coca;SI;;;Vestido corto gris verdoso con escote cruzado y manga corta, cintura marcada y falda recta. Diseño elegante y discreto.;;;;;;;;;;;;;
I14;6;INVITADA;46;A;VENTA;28469;Poliester;Púrpura;Manu Álvarez;SI;;;Vestido corto rosa fucsia de encaje, con manga larga y cintura definida. Silueta ligeramente evasé y muy femenina.;;;;;;;;;;;;;
I15;6;INVITADA;44;A;VENTA;3471;Seda;Gris perla, Rosa;Carbu Valencia;SI;. 2 piezas. Tejidos y elaboración artesanal;;Conjunto de chaqueta y vestido en gris y rosa, con chaqueta entallada y vestido largo de línea recta. Diseño de invitada elegante.;;;;;;;;;;;;;
I16;6;INVITADA;48;A;VENTA;142.TIP.TS-L02;Acetato, Poliester;Gris Azulado;Carlota S.A;SI;. 2 piezas;;Conjunto de fiesta azul grisáceo con chaqueta estructurada y vestido recto hasta la rodilla. Tejido con textura y acabado sofisticado.;;;;;;;;;;;;;
I17;6;INVITADA;46;A;VENTA;Zafiro;Seda, Poliester;Azul oscuro;Hannibal Laguna;SI;;;Vestido largo azul intenso de manga larga, con cintura marcada mediante aplicaciones florales. Falda fluida y pequeña cola.;;;;;;;;;;;;;
I18;6;INVITADA;48;B;VENTA;1728;;Malva, Verde;Patricia Avendaño;SI;. 3 piezas Faltan botones;;Vestido largo lavanda con estampado floral verde, manga tres cuartos y cintura marcada. Falda amplia y fluida.;;;;;;;;;;;;;
I19;6;INVITADA;44;A;VENTA;VL5140-CORTO;Poliester;Rosa-palo;Valerio Luna;SI;. Incluye cinturón;;Vestido corto rosa empolvado con escote en V, mangas transparentes y falda asimétrica de volantes. Diseño romántico.;;;;;;;;;;;;;
I20;6;INVITADA;46;A;VENTA;;Seda;Rojo;Teresa Ripoll;NO;2 piezas;;Conjunto rojo de chaqueta entallada de manga tres cuartos y vestido recto hasta la rodilla. Diseño clásico de invitada.;;;;;;;;;;;;;
I21;6;INVITADA;48;A;VENTA;1804.V.5.VM.E87;Acetato, Poliester;Lila;Patricia Avendaño;SI;. 2 piezas. 290€;;Vestido corto lila y plata con cuerpo de encaje y falda estampada. Cintura marcada y silueta recta.;;;;;;;;;;;;;
I22;6;INVITADA;46;A;VENTA;1020;Seda;Malva, Verde;patricia Avendaño;SI;. 2 piezas;;Vestido corto verde lima y malva con cuerpo estampado floral y falda lisa. Escote redondeado y silueta recta.;;;;;;;;;;;;;
I23;6;INVITADA;44;A;VENTA;20181;;Gris;Aire Barcelona;SI;;;Vestido largo gris lavanda con cuerpo de encaje de manga larga y falda fluida. Cintura marcada y detalle drapeado lateral.;;;;;;;;;;;;;
I24;6;INVITADA;48;A;VENTA;;;Negro;Desconocido;NO;2 piezas;;Conjunto negro de dos piezas con chaqueta de manga larga y vestido recto hasta la rodilla. Detalles de textura en el bajo.;;;;;;;;;;;;;
I25;6;INVITADA;48;A;VENTA;;Acetato, Lana;Amarillo;Teresa Ripoll;NO;2 piezas;;Conjunto amarillo de chaqueta entallada y vestido recto a juego. Diseño luminoso y elegante para invitada.;;;;;;;;;;;;;
I26;6;INVITADA;46;A;VENTA;1649;Seda;Champange;Fely Campo;SI;Abrigo de fiesta;;Conjunto color champán de chaqueta tipo sahariana y vestido negro recto. Diseño sobrio y estructurado.;;;;;;;;;;;;;
I27;6;INVITADA;48;A;VENTA;M605/00;Poliester;Caldera;Patricia Avendaño;SI;2 piezas;;Conjunto en tono caldera con cuerpo de encaje de manga corta y falda larga fluida. Silueta elegante y monocromática.;;;;;;;;;;;;;
I28;7-A;INVITADA;;A;VENTA;;Raso, Pedreria, Gasa;Negro, Blanco;Desconocido;NO;;;Vestido corto negro de tirantes, con cuerpo estampado y falda plisada. Cintura marcada con cinturón.;;;;;;;;;;;;;
I29;7-A;INVITADA;44;A;VENTA;;Seda;Rosa-Chicle;Marisa Otazo;SI;;;Vestido largo rosa de cuerpo de encaje y falda satinada. Escote redondeado y cintura marcada.;;;;;;;;;;;;;
I30;7-A;INVITADA;44;A;VENTA;1817TSMK06;Acetato, Poliester;Verde;Patricia Avendaño;SI;;;Vestido verde de hombros descubiertos con cuerpo drapeado y falda escalonada de volantes. Silueta ajustada.;;;;;;;;;;;;;
I31;7-A;INVITADA;42;A;VENTA;3124;Seda;Verde-agua;Teresa Ripoll;SI;;;Vestido corto verdeagua de escote recto y cuerpo liso. Silueta recta y diseño minimalista.;;;;;;;;;;;;;
I32;7-A;INVITADA;46;B;VENTA;;Acetato, Poliester;Morado;Carlota CA;NO;Cremaller rota;;Vestido corto morado de manga larga, con escote cruzado y drapeado en la cintura. Diseño entallado y elegante.;;;;;;;;;;;;;
I33;7-A;INVITADA;;B;VENTA;;Poliester;Malva;Patricia Avendaño;NO;Cremaller rota;;Vestido largo lavanda de escote en V y cuerpo cruzado. Falda fluida y caída limpia.;;;;;;;;;;;;;
I34;7-A;INVITADA;40;A;VENTA;151-TIPO;Poliester;Negro;Patricia Avendaño;SI;;;Vestido negro corto de manga larga y escote redondeado, con silueta recta. Diseño sobrio y versátil.;;;;;;;;;;;;;
I35;7-A;INVITADA;44;A;VENTA;;Seda, Encaje;Negro, Champange;Manu Álvarez;NO;2 Piezas: Vestido y chaqueta;;Vestido negro y dorado de manga larga, con cuerpo estampado y escote en V. Falda recta y detalle de encaje.;;;;;;;;;;;;;
I36;7-A;INVITADA;46;A;VENTA;31;Poliester;Marron;Carlota CA;SI;;;Vestido marrón chocolate de escote barco y hombros descubiertos. Silueta ajustada y falda larga de caída recta.;;;;;;;;;;;;;
I37;7-A;INVITADA;44;A;VENTA;19105;Seda, Payon, Metal;Verde-agua, Gris;Fely Campo;SI;Precio: 390€;;Vestido corto verdeagua grisáceo con cuerpo de encaje de manga larga y falda satinada. Cintura marcada y detalle de lazo.;;;;;;;;;;;;;
I38;7-A;INVITADA;46;A;VENTA;TOPICO;Poliester, Encaje, Tul;Rosa-palo;Franc Sarabia;SI;Precio: 990€;;Vestido corto rosa empolvado de encaje con manga larga y cinturón decorativo. Diseño romántico y femenino.;;;;;;;;;;;;;
I39;7-A;INVITADA;42;A;VENTA;Jayla Rojo Rosa;Poliester, Gasa;Rojo, Rosa;Victoria;SI;;;Vestido largo bicolor rojo y rosa, con escote cruzado y manga larga. Cintura marcada y falda fluida.;;;;;;;;;;;;;
I40;7-A;INVITADA;48;A;VENTA;I12VO63;Poliester, Acetato;Fucsia;Carlota CA;SI;2 piezas;;Vestido corto fucsia de manga larga y cuello camisero. Silueta recta y diseño limpio y sofisticado.;;;;;;;;;;;;;
N001;CAJA;NOVIA-COMPLEMENTO;;A;VENTA;;;Blanco;Miguel Granados;SI;Diadema Precio en etiqueta: 180€. ;;;;;;;;;;;;;;;
N002;CAJA;NOVIA-COMPLEMENTO;;A;VENTA;;;Crudo;Pina;SI;Precio en etiqueta 110€;;;;;;;;;;;;;;;
N003;CAJA;NOVIA-COMPLEMENTO;;A;VENTA;T4107;;Crudo;Pina;SI;Precio en etiqueta 99€;;;;;;;;;;;;;;;
N004;CAJA;NOVIA-COMPLEMENTO;;A;VENTA;T4107;;Crudo;Pina;SI;Precio en etiqueta 110€;;;;;;;;;;;;;;;
N005;CAJA;INVITADA-COMPLEMENTO;;A;VENTA;NF308;;Azul;Pina;SI;Tocado Precio en etiqueta: Precio 35€. ;;;;;;;;;;;;;;;
N006;CAJA;INVITADA-COMPLEMENTO;;A;VENTA;;;Verde;Desconocido;NO;;;;;;;;;;;;;;;;
N007;CAJA;INVITADA-COMPLEMENTO;;A;VENTA;T4225;;Coral/Blanco;Pina;SI;Precio en etiqueta: 70€. Adorno;;;;;;;;;;;;;;;
N008;CAJA;NOVIA-COMPLEMENTO;;B;VENTA;;;Crudo;Desconocido;NO;;;;;;;;;;;;;;;;
N009;CAJA;NOVIA-COMPLEMENTO;;A;VENTA;;;Beige;Desconocido;NO;Adorno;;;;;;;;;;;;;;;
N010;CAJA;INVITADA-COMPLEMENTO;;A;VENTA;;;Verde;Desconocido;NO;Tocado;;;;;;;;;;;;;;;
N011;CAJA;INVITADA-COMPLEMENTO;;A;VENTA;T4909;;Azul;Pina;SI;Precio en etiqueta 75€. Tocado;;;;;;;;;;;;;;;
N012;CAJA;NOVIA-COMPLEMENTO;;A;VENTA;C15-07/F;;Crudo/Abalorios;Jesús Peiró;SI;Precio en etiqueta 89€. 2 unidades;;;;;;;;;;;;;;;
N013;CAJA;NOVIA-COMPLEMENTO;;A;VENTA;P-15-38F;;Crudo/Abalorios;Jesús Peiró;SI;Peineta;;;;;;;;;;;;;;;
N014;CAJA;NOVIA-COMPLEMENTO;;A;VENTA;T4457;;Blanco;Pina;SI;Tocado Precio 50€.;;;;;;;;;;;;;;;
N015;CAJA;NOVIA-COMPLEMENTO;;A;VENTA;T4457;;Blanco;Pina;SI;;;;;;;;;;;;;;;;
N016;CAJA;NOVIA-COMPLEMENTO;;A;VENTA;T3697;;Crudo;Pina;SI;Tocado Precio en etiqueta: 70€.;;;;;;;;;;;;;;;
N017;CAJA;INVITADA-COMPLEMENTO;;A;VENTA;;;Morado;Pina;SI;Tocado Precio en etiqueta: 39€. ;;;;;;;;;;;;;;;
N018;CAJA;INVITADA-COMPLEMENTO;;A;VENTA;T4225;;Coral/Blanco;Pina;SI;Adorno Precio en etiqueta: 70€. ;;;;;;;;;;;;;;;
N019;CAJA;INVITADA-COMPLEMENTO;;A;VENTA;;;Gris/Rosa;Pina;SI;Tocado Precio en etiqueta: 35€. ;;;;;;;;;;;;;;;
N020;CAJA;INVITADA-COMPLEMENTO;;A;VENTA;C1318;;Gris;Pina;SI;Adorno Precio en etiqueta: 60€. ;;;;;;;;;;;;;;;
N021;CAJA;INVITADA-COMPLEMENTO;;A;VENTA;;;Beige;Desconocido;NO;;;;;;;;;;;;;;;;
N022;CAJA;INVITADA-COMPLEMENTO;;A;VENTA;C1187;;Fucsia;Pina;SI;Tocado Precio en etiqueta: 65€. ;;;;;;;;;;;;;;;
N023;CAJA;NOVIA-COMPLEMENTO;;A;VENTA;T6452;;Blanco;Pina;SI;Adorno Precio en etiqueta: 80€ ;;;;;;;;;;;;;;;
N024A;CAJA;NOVIA-COMPLEMENTO;;A;VENTA;;;Crudo;Desconocido;NO;Adorno;;;;;;;;;;;;;;;
N024B;CAJA;NOVIA-COMPLEMENTO;;A;VENTA;;;Blanco;Desconocido;NO;Adorno;;;;;;;;;;;;;;;
N025;CAJA;NOVIA-COMPLEMENTO;;A;VENTA;;;Blanco;Desconocido;NO;Tocado;;;;;;;;;;;;;;;
N026;CAJA;NOVIA-COMPLEMENTO;;A;VENTA;;;Blanco;Desconocido;NO;Adorno;;;;;;;;;;;;;;;
N027;CAJA;COMUNION - COMPLEMENTO;;A;VENTA;3127;;Multicolor;Ibernovia;SI;Adorno Comunión;;;;;;;;;;;;;;;
N028;CAJA;COMUNION - COMPLEMENTO;;A;VENTA;;;Blanco;Desconocido;NO;Tocado comunión;;;;;;;;;;;;;;;
N029;CAJA;COMUNION - COMPLEMENTO;;A;VENTA;P15-39/M;;Crudo;Jesús Peiró;SI;Peineta floral lazada. Precio en etiqueta 130€;;;;;;;;;;;;;;;
N030;CAJA;COMUNION - COMPLEMENTO;;A;VENTA;;;Azul/Blanco;Desconocido;NO;Adorno comunion;;;;;;;;;;;;;;;
N031;CAJA;COMUNION - COMPLEMENTO;;A;VENTA;;;Crudo;Desconocido;NO;Diadema;;;;;;;;;;;;;;;
N032;CAJA;COMUNION - COMPLEMENTO;;A;VENTA;;;Crudo;Desconocido;NO;Diadema Precio en etiqueta 120€. ;;;;;;;;;;;;;;;
N033;CAJA;COMUNION - COMPLEMENTO;;A;VENTA;;;Crudo;Desconocido;NO;Diadema;;;;;;;;;;;;;;;
N034;CAJA;COMUNION - COMPLEMENTO;;A;VENTA;;;Crudo;Desconocido;NO;Diadema;;;;;;;;;;;;;;;
N035;CAJA;COMUNION - COMPLEMENTO;;A;VENTA;;;Crudo;Desconocido;NO;Adorno comunion;;;;;;;;;;;;;;;
N035;CAJA;INVITADA-COMPLEMENTO;;A;VENTA;;;Azul oscuro, Blanco;Desconocido;NO;Tocado;;;;;;;;;;;;;;;
N036;CAJA;COMUNION - COMPLEMENTO;;A;VENTA;;;Crudo;Devota & Lomba;SI;Diadema comunión;;;;;;;;;;;;;;;
N037;CAJA;COMUNION - COMPLEMENTO;;A;VENTA;;;Crudo/naranja;Desconocido;NO;Adorno comunion;;;;;;;;;;;;;;;
N038;CAJA;COMUNION - COMPLEMENTO;;A;VENTA;;;Crudo/gris;Desconocido;NO;Adorno comunion;;;;;;;;;;;;;;;
N039;CAJA;COMUNION - COMPLEMENTO;;A;VENTA;7840;;Crudo/gris;Rubio Kids;SI;Tiara;;;;;;;;;;;;;;;
N040;CAJA;COMUNION - COMPLEMENTO;;A;VENTA;;;Blanco / Rosa palo;Desconocido;NO;Adorno comunion;;;;;;;;;;;;;;;
N041;CAJA;COMUNION - COMPLEMENTO;;A;VENTA;;;Blanco;Desconocido;NO;Diadema Precio en etiqueta 120€. ;;;;;;;;;;;;;;;
N042;CAJA;COMUNION - COMPLEMENTO;;A;VENTA;;;Crudo;Desconocido;NO;Adorno pelo;;;;;;;;;;;;;;;
N043;CAJA;NOVIA-COMPLEMENTO;;A;VENTA;T4798;;Blanco;Pina;SI;Precio en etiqueta. 50 €;;;;;;;;;;;;;;;
N044;CAJA;COMUNION - COMPLEMENTO;;A;VENTA;;;Crudo;Desconocido;NO;Adorno pelo;;;;;;;;;;;;;;;
N045;CAJA;COMUNION - COMPLEMENTO;;A;VENTA;;;Crudo;Desconocido;NO;Diadema;;;;;;;;;;;;;;;
N046;CAJA;COMUNION - COMPLEMENTO;;A;VENTA;;;Crudo;Desconocido;NO;Adorno pelo;;;;;;;;;;;;;;;
N047;CAJA;COMUNION - COMPLEMENTO;;A;VENTA;;;Blanco;Desconocido;NO;Adorno;;;;;;;;;;;;;;;
N048;CAJA;COMUNION - COMPLEMENTO;;A;VENTA;;;Multicolor;Desconocido;NO;Adorno;;;;;;;;;;;;;;;
N049;CAJA;COMUNION - COMPLEMENTO;;A;VENTA;;;Crudo / Rosa palo;Zoysan;SI;Adorno pelo;;;;;;;;;;;;;;;
N050;CAJA;COMUNION - COMPLEMENTO;;A;VENTA;;;Crudo;Desconocido;NO;Adorno pelo;;;;;;;;;;;;;;;
N051;CAJA;COMUNION - COMPLEMENTO;;A;VENTA;DTGORAME;;Blanco/Gris;Carmy deluxe;SI;Precio en etiqueta: 55 €;;;;;;;;;;;;;;;
N052;CAJA;COMUNION - COMPLEMENTO;;A;VENTA;;;Multicolor;Paola Dominguín;SI;Bolso comunión;;;;;;;;;;;;;;;
N053;CAJA;COMUNION - COMPLEMENTO;;A;VENTA;74323;;Beig;Desconocido;SI;Diadema;;;;;;;;;;;;;;;
N054;CAJA;COMUNION - COMPLEMENTO;;A;VENTA;54187;;Beig;Desconocido;SI;Diadema;;;;;;;;;;;;;;;
N055;CAJA;COMUNION - COMPLEMENTO;;A;VENTA;70572;;Crudo;Desconocido;SI;Diadema;;;;;;;;;;;;;;;
N056;CAJA;COMUNION - COMPLEMENTO;;A;VENTA;;;Multicolor;Desconocido;NO;Diadema;;;;;;;;;;;;;;;
N057;CAJA;COMUNION - COMPLEMENTO;;A;VENTA;74322;;Blanco crudo;Desconocido;SI;Diadema;;;;;;;;;;;;;;;
N058;CAJA;COMUNION - COMPLEMENTO;;A;VENTA;;;Blanco;Desconocido;NO;Diadema;;;;;;;;;;;;;;;
N059;CAJA;COMUNION - COMPLEMENTO;;A;VENTA;;;Blanco;Desconocido;NO;Diadema;;;;;;;;;;;;;;;
N060;CAJA;COMUNION - COMPLEMENTO;;A;VENTA;;;Multicolor;Desconocido;NO;Pinza;;;;;;;;;;;;;;;
N061;CAJA;COMUNION - COMPLEMENTO;;A;VENTA;;;Crudo;Desconocido;NO;Adorno comunion;;;;;;;;;;;;;;;
N062;CAJA;COMUNION - COMPLEMENTO;;A;VENTA;;;Crudo;Desconocido;NO;Lazo;;;;;;;;;;;;;;;
N063;CAJA;COMUNION - COMPLEMENTO;;A;VENTA;;;Beige;Hannibal Laguna;SI;Diadema;;;;;;;;;;;;;;;
N064;CAJA;COMUNION - COMPLEMENTO;;A;VENTA;;;Crudo;Carmy comunión;SI;Lazo;;;;;;;;;;;;;;;
N065;CAJA;INVITADA-COMPLEMENTO;;A;VENTA;;;Blanco;Desconocido;NO;Tocado;;;;;;;;;;;;;;;
N066;CAJA;COMUNION - COMPLEMENTO;;A;VENTA;;;Blanco;Desconocido;NO;Lazo;;;;;;;;;;;;;;;
N067;CAJA;COMUNION - COMPLEMENTO;;A;VENTA;;;Crudo;Desconocido;NO;Diadema;;;;;;;;;;;;;;;
N068;CAJA;COMUNION - COMPLEMENTO;;A;VENTA;;;Blanco;Desconocido;NO;Diadema;;;;;;;;;;;;;;;
N069;CAJA;COMUNION - COMPLEMENTO;;A;VENTA;PAD-20;;Crudo;Paola Dominguín;SI;Diadema;;;;;;;;;;;;;;;
N070;CAJA;COMUNION - COMPLEMENTO;;A;VENTA;;;Blanco;Desconocido;NO;Diadema;;;;;;;;;;;;;;;
N071;CAJA;COMUNION - COMPLEMENTO;;A;VENTA;;;Beige;Desconocido;NO;Diadema;;;;;;;;;;;;;;;
N072;CAJA;COMUNION - COMPLEMENTO;;A;VENTA;53945;;Blanco;Desconocido;NO;Diadema;;;;;;;;;;;;;;;
N073;CAJA;COMUNION - COMPLEMENTO;;A;VENTA;;;Blanco;Desconocido;NO;Diadema;;;;;;;;;;;;;;;
N074;CAJA;COMUNION - COMPLEMENTO;;A;VENTA;;;Crudo;Desconocido;NO;Lazo;;;;;;;;;;;;;;;
N075;CAJA;COMUNION - COMPLEMENTO;;A;VENTA;53877;;Crudo;Desconocido;NO;Diadema;;;;;;;;;;;;;;;
N076;CAJA;COMUNION - COMPLEMENTO;;A;VENTA;74322;;Crudo , Blanco roto;Desconocido;NO;Diadema;;;;;;;;;;;;;;;
N077A;CAJA;COMUNION - COMPLEMENTO;;A;VENTA;;;Blanco y azul;Desconocido;NO;Diadema;;;;;;;;;;;;;;;
N077B;CAJA;COMUNION - COMPLEMENTO;;A;VENTA;;;Blanco y azul;A. Bachary;SI;Diadema;;;;;;;;;;;;;;;
N078;CAJA;COMUNION - COMPLEMENTO;;A;VENTA;;;Beige;Paola Dominguín;SI;Diadema;;;;;;;;;;;;;;;
78B;CAJA;NOVIA-COMPLEMENTO;;A;VENTA;;Poliester, Seda;Blanco roto;Manu Álvarez;SI;chaquetilla  Precio 30€;;;;;;;;;;;;;;;
N079;CAJA;COMUNION - COMPLEMENTO;;A;VENTA;;;Beige y marrón;Desconocido;NO;Diadema;;;;;;;;;;;;;;;
N080;CAJA;COMUNION - COMPLEMENTO;;A;VENTA;54185;;Beige;Desconocido;NO;Diadema;;;;;;;;;;;;;;;
N081;CAJA;COMUNION - COMPLEMENTO;;A;VENTA;;;Blanco roto;Desconocido;NO;Diadema;;;;;;;;;;;;;;;
N082;CAJA;COMUNION - COMPLEMENTO;;A;VENTA;;;Crudo;Francis Montesinos;SI;Diadema;;;;;;;;;;;;;;;
N083;CAJA;COMUNION - COMPLEMENTO;;A;VENTA;;;Beige;Francis Montesinos;SI;Diadema;;;;;;;;;;;;;;;
N084;CAJA;COMUNION - COMPLEMENTO;;A;VENTA;;;Beige;Desconocido;NO;Diadema;;;;;;;;;;;;;;;
N085;CAJA;COMUNION - COMPLEMENTO;;A;VENTA;;;Blanco;Desconocido;NO;Diadema;;;;;;;;;;;;;;;
N086;CAJA;COMUNION - COMPLEMENTO;;A;VENTA;74322;;Crudo;Desconocido;NO;Diadema;;;;;;;;;;;;;;;
N087;CAJA;COMUNION - COMPLEMENTO;;A;VENTA;;;Beige;Desconocido;NO;Lazo;;;;;;;;;;;;;;;
N088;CAJA;COMUNION - COMPLEMENTO;;A;VENTA;D574;;Beige;Francis Montesinos;SI;Diadema;;;;;;;;;;;;;;;
N089;CAJA;COMUNION - COMPLEMENTO;;A;VENTA;511;;Crudo;Mi Tata;SI;Diadema;;;;;;;;;;;;;;;
N090;CAJA;COMUNION - COMPLEMENTO;;A;VENTA;;;Blanco;Desconocido;NO;Lazo;;;;;;;;;;;;;;;
N091;CAJA;COMUNION - COMPLEMENTO;;A;VENTA;;;Blanco roto;Desconocido;NO;Lazo;;;;;;;;;;;;;;;
N092;CAJA;COMUNION - COMPLEMENTO;;A;VENTA;54188;;Beige;Desconocido;SI;Lazo;;;;;;;;;;;;;;;
N093;CAJA;COMUNION - COMPLEMENTO;;A;VENTA;54188;;Beige;Desconocido;SI;Lazo;;;;;;;;;;;;;;;
N094;CAJA;COMUNION - COMPLEMENTO;;A;VENTA;53677;;Crudo;Desconocido;SI;Diadema;;;;;;;;;;;;;;;
N095;CAJA;COMUNION - COMPLEMENTO;;a;VENTA;53677;;Crudo;Desconocido;SI;Diadema;;;;;;;;;;;;;;;
N096;CAJA;COMUNION - COMPLEMENTO;;A;VENTA;54.185;;Beige;Desconocido;NO;Diadema;;;;;;;;;;;;;;;
N097;CAJA;COMUNION - COMPLEMENTO;;A;VENTA;5048;;Crudo;CEMAROS;SI;Diadema;;;;;;;;;;;;;;;
N098;CAJA;COMUNION - COMPLEMENTO;;A;VENTA;5048;;Crudo;CEMAROS;SI;Diadema;;;;;;;;;;;;;;;
N099;CAJA;COMUNION - COMPLEMENTO;;A;VENTA;53910;;Crudo;Desconocido;NO;Diadema;;;;;;;;;;;;;;;
N100;CAJA;COMUNION - COMPLEMENTO;;A;VENTA;6064;;Beige;Hannibal Laguna;SI;Diadema;;;;;;;;;;;;;;;
N101;CAJA;COMUNION - COMPLEMENTO;;A;VENTA;6064;;Beige;Hannibal Laguna;SI;Diadema;;;;;;;;;;;;;;;
N102;CAJA;INVITADA-COMPLEMENTO;;A;VENTA;;;Crudo;Desconocido;NO;Tocado;;;;;;;;;;;;;;;
N103;CAJA;COMUNION - COMPLEMENTO;;A;VENTA;KELLY;;Verde oliva;Margarita Sangiovanni;SI;Diadema - Precio marcado 279€;;;;;;;;;;;;;;;
N104;CAJA;INVITADA-COMPLEMENTO;;A;VENTA;;;Negro y plata;Desconocido;NO;Tocado;;;;;;;;;;;;;;;
N105;CAJA;INVITADA-COMPLEMENTO;;A;VENTA;8001;;Blanco y dorado;María COMPLEMENTOS;SI;Tocado- Precio marcado 235€;;;;;;;;;;;;;;;
N106;CAJA;INVITADA-COMPLEMENTO;;A;VENTA;NC598;;Dorado;PINA;SI;Tocado- Precio marcado 95€;;;;;;;;;;;;;;;
N107;CAJA;INVITADA-COMPLEMENTO;;A;VENTA;;;Verde;Desconocido;NO;Tocado;;;;;;;;;;;;;;;
N108;CAJA;INVITADA-COMPLEMENTO;;A;VENTA;705.019;;Ocre;Esperanza Bertrán;SI;Tocado- Precio marcado 95€;;;;;;;;;;;;;;;
N109;CAJA;COMUNION - COMPLEMENTO;;A;VENTA;Bambú Brizna;;Crudo;Carmy Deluxe;SI;Lazo- Precio marcado 75€;;;;;;;;;;;;;;;
N110;CAJA;INVITADA-COMPLEMENTO;;A;VENTA;;;Blanco;Desconocido;NO;Adorno;;;;;;;;;;;;;;;
N111;CAJA;INVITADA-COMPLEMENTO;;A;VENTA;980;;Beige;María COMPLEMENTOS;SI;Tocado- Precio marcado 150€;;;;;;;;;;;;;;;
N112;CAJA;INVITADA-COMPLEMENTO;;B;VENTA;;;Blanco y arena, Malva;Desconocido;NO;Tocado;;;;;;;;;;;;;;;
N113;CAJA;INVITADA-COMPLEMENTO;;A;VENTA;NC 522;;Salmón;PINA;NO;Tocado;;;;;;;;;;;;;;;
N114;CAJA;INVITADA-COMPLEMENTO;;A;VENTA;;;Beige;Larrana;SI;Tocado;;;;;;;;;;;;;;;
N115;CAJA;INVITADA-COMPLEMENTO;;A;VENTA;MALVA RED;;Morado;Desconocido;NO;Tocado moño - Precio marcado 185€;;;;;;;;;;;;;;;
N116;CAJA;COMUNION - COMPLEMENTO;;A;VENTA;;;Crudo;Desconocido;NO;Tocado;;;;;;;;;;;;;;;
N117;CAJA;COMUNION - COMPLEMENTO;;A;VENTA;1921;;Beige;Esperanza Bertrán;SI;Diadema - Precio marcado 45€;;;;;;;;;;;;;;;
N118;CAJA;INVITADA-COMPLEMENTO;;A;VENTA;;;Crudo;Desconocido;NO;Tocado;;;;;;;;;;;;;;;
N119;CAJA;INVITADA-COMPLEMENTO;;A;VENTA;NC 531;;Burdeos;PINA;SI;Tocado- Precio marcado 140€;;;;;;;;;;;;;;;
N120;CAJA;INVITADA-COMPLEMENTO;;A;VENTA;;;Marron;MORCANO;SI;Tocado;;;;;;;;;;;;;;;
N121;CAJA;INVITADA-COMPLEMENTO;;A;VENTA;SARIEL;;Blanco roto;MORCANO;SI;Tocado - Precio marcado 150€;;;;;;;;;;;;;;;
N122;CAJA;INVITADA-COMPLEMENTO;;A;VENTA;FLOR CENTRO;;Beige;Desconocido;NO;Tocado;;;;;;;;;;;;;;;
N123;CAJA;INVITADA-COMPLEMENTO;;A;VENTA;;;Beige;Desconocido;NO;Tocado moño - Precio marcado 135€;;;;;;;;;;;;;;;
N123;CAJA;INVITADA-COMPLEMENTO;;A;VENTA;-;;Maquillaje y coral;Be You;SI;Bolso de mano;;;;;;;;;;;;;;;
N124;CAJA;INVITADA-COMPLEMENTO;;A;VENTA;;;Gris;Desconocido;NO;Tocado;;;;;;;;;;;;;;;
N125;CAJA;INVITADA-COMPLEMENTO;;A;VENTA;;;Rojo;María COMPLEMENTOS;SI;Adorno - Precio marcado 95€;;;;;;;;;;;;;;;
N126;CAJA;INVITADA-COMPLEMENTO;;A;VENTA;;;Rojo;Desconocido;NO;Adorno;;;;;;;;;;;;;;;
N127;CAJA;NOVIA-COMPLEMENTO;;A;VENTA;;;Blanco;Desconocido;NO;Adorno;;;;;;;;;;;;;;;
N128;CAJA;INVITADA-COMPLEMENTO;;A;VENTA;;;"""Crudo, verde y marrón""";Desconocido;NO;Adorno;;;;;;;;;;;;;;;
N129;CAJA;NOVIA-COMPLEMENTO;;A;VENTA;;;Blanco;Desconocido;NO;Adorno;;;;;;;;;;;;;;;
N130;CAJA;NOVIA-COMPLEMENTO;;A;VENTA;;;Blanco;Desconocido;NO;Adorno;;;;;;;;;;;;;;;
N131;CAJA;NOVIA-COMPLEMENTO;;A;VENTA;;;Crudo;Desconocido;NO;Adorno;;;;;;;;;;;;;;;
N132;CAJA;INVITADA-COMPLEMENTO;;A;VENTA;;;Rosa;Desconocido;NO;Adorno;;;;;;;;;;;;;;;
N133;CAJA;INVITADA-COMPLEMENTO;;A;VENTA;;;Azul oscuro;Desconocido;NO;Adorno;;;;;;;;;;;;;;;
N134;CAJA;NOVIA-COMPLEMENTO;;A;VENTA;;;Crudo;Desconocido;NO;Adorno;;;;;;;;;;;;;;;
N135;CAJA;INVITADA-COMPLEMENTO;;A;VENTA;;;Azul oscuro;Desconocido;NO;Adorno;;;;;;;;;;;;;;;
N136;CAJA;NOVIA-COMPLEMENTO;;A;VENTA;;;Blanco roto , Blanco;Desconocido;NO;Adorno;;;;;;;;;;;;;;;
N137;CAJA;NOVIA-COMPLEMENTO;;A;VENTA;;;Crudo;Desconocido;NO;Adorno;;;;;;;;;;;;;;;
N138;CAJA;NOVIA-COMPLEMENTO;;A;VENTA;;;Blanco;Desconocido;NO;Adorno;;;;;;;;;;;;;;;
N139;CAJA;NOVIA-COMPLEMENTO;;A;VENTA;;;Crudo;Desconocido;NO;Adorno;;;;;;;;;;;;;;;
N140;CAJA;COMUNION - COMPLEMENTO;;A;VENTA;;;Blanco y rosa palo;Desconocido;NO;Adorno;;;;;;;;;;;;;;;
N141;CAJA;NOVIA-COMPLEMENTO;;A;VENTA;;;Blanco;Desconocido;NO;Adorno;;;;;;;;;;;;;;;
N142;CAJA;INVITADA-COMPLEMENTO;;A;VENTA;;;Lila y rosa;María COMPLEMENTOS;SI;Adorno - Precio marcado 120€;;;;;;;;;;;;;;;
N144;CAJA;COMUNION - COMPLEMENTO;;A;VENTA;Valerio Luna;Poliester;Blanco;Esperanza Bertrán;NO;Cancán;;;;;;;;;;;;;;;
N145;CAJA;COMUNION - COMPLEMENTO;;A;VENTA;;Poliester, Chantilly;Crudo;Desconocido;NO;Cancán;;;;;;;;;;;;;;;
;;;;;;;;;;;;;;;;;;;;;;;;;;
;;;;;;;;;;;;;;;;;;;;;;;;;;
;;;;;;;;;;;;;;;;;;;;;;;;;;
;;;;;;;;;;;;;;;;;;;;;;;;;;
;;;;;;;;;;;;;;;;;;;;;;;;;;
;;;;;;;;;;;;;;;;;;;;;;;;;;
;;;;;;;;;;;;;;;;;;;;;;;;;;
;;;;;;;;;;;;;;;;;;;;;;;;;;
;;;;;;;;;;;;;;;;;;;;;;;;;;
;;;;;;;;;;;;;;;;;;;;;;;;;;
;;;;;;;;;;;;;;;;;;;;;;;;;;
;;;;;;;;;;;;;;;;;;;;;;;;;;
;;;;;;;;;;;;;;;;;;;;;;;;;;
;;;;;;;;;;;;;;;;;;;;;;;;;;
;;;;;;;;;;;;;;;;;;;;;;;;;;
;;;;;;;;;;;;;;;;;;;;;;;;;;
;;;;;;;;;;;;;;;;;;;;;;;;;;
;;;;;;;;;;;;;;;;;;;;;;;;;;
;;;;;;;;;;;;;;;;;;;;;;;;;;
;;;;;;;;;;;;;;;;;;;;;;;;;;
;;;;;;;;;;;;;;;;;;;;;;;;;;
;;;;;;;;;;;;;;;;;;;;;;;;;;
;;;;;;;;;;;;;;;;;;;;;;;;;;
;;;;;;;;;;;;;;;;;;;;;;;;;;
;;;;;;;;;;;;;;;;;;;;;;;;;;
;;;;;;;;;;;;;;;;;;;;;;;;;;
;;;;;;;;;;;;;;;;;;;;;;;;;;
;;;;;;;;;;;;;;;;;;;;;;;;;;
;;;;;;;;;;;;;;;;;;;;;;;;;;
;;;;;;;;;;;;;;;;;;;;;;;;;;
;;;;;;;;;;;;;;;;;;;;;;;;;;
;;;;;;;;;;;;;;;;;;;;;;;;;;
;;;;;;;;;;;;;;;;;;;;;;;;;;
;;;;;;;;;;;;;;;;;;;;;;;;;;
;;;;;;;;;;;;;;;;;;;;;;;;;;
;;;;;;;;;;;;;;;;;;;;;;;;;;
;;;;;;;;;;;;;;;;;;;;;;;;;;
;;;;;;;;;;;;;;;;;;;;;;;;;;
;;;;;;;;;;;;;;;;;;;;;;;;;;
;;;;;;;;;;;;;;;;;;;;;;;;;;
;;;;;;;;;;;;;;;;;;;;;;;;;;
;;;;;;;;;;;;;;;;;;;;;;;;;;
;;;;;;;;;;;;;;;;;;;;;;;;;;
;;;;;;;;;;;;;;;;;;;;;;;;;;
;;;;;;;;;;;;;;;;;;;;;;;;;;
;;;;;;;;;;;;;;;;;;;;;;;;;;
;;;;;;;;;;;;;;;;;;;;;;;;;;
;;;;;;;;;;;;;;;;;;;;;;;;;;
;;;;;;;;;;;;;;;;;;;;;;;;;;
;;;;;;;;;;;;;;;;;;;;;;;;;;
;;;;;;;;;;;;;;;;;;;;;;;;;;
;;;;;;;;;;;;;;;;;;;;;;;;;;
;;;;;;;;;;;;;;;;;;;;;;;;;;
;;;;;;;;;;;;;;;;;;;;;;;;;;
;;;;;;;;;;;;;;;;;;;;;;;;;;
;;;;;;;;;;;;;;;;;;;;;;;;;;
;;;;;;;;;;;;;;;;;;;;;;;;;;
;;;;;;;;;;;;;;;;;;;;;;;;;;
;;;;;;;;;;;;;;;;;;;;;;;;;;
;;;;;;;;;;;;;;;;;;;;;;;;;;
;;;;;;;;;;;;;;;;;;;;;;;;;;
;;;;;;;;;;;;;;;;;;;;;;;;;;
;;;;;;;;;;;;;;;;;;;;;;;;;;
;;;;;;;;;;;;;;;;;;;;;;;;;;
;;;;;;;;;;;;;;;;;;;;;;;;;;
;;;;;;;;;;;;;;;;;;;;;;;;;;
;;;;;;;;;;;;;;;;;;;;;;;;;;
;;;;;;;;;;;;;;;;;;;;;;;;;;
;;;;;;;;;;;;;;;;;;;;;;;;;;
;;;;;;;;;;;;;;;;;;;;;;;;;;
;;;;;;;;;;;;;;;;;;;;;;;;;;
;;;;;;;;;;;;;;;;;;;;;;;;;;
;;;;;;;;;;;;;;;;;;;;;;;;;;
;;;;;;;;;;;;;;;;;;;;;;;;;;
;;;;;;;;;;;;;;;;;;;;;;;;;;
;;;;;;;;;;;;;;;;;;;;;;;;;;
;;;;;;;;;;;;;;;;;;;;;;;;;;
;;;;;;;;;;;;;;;;;;;;;;;;;;
;;;;;;;;;;;;;;;;;;;;;;;;;;
;;;;;;;;;;;;;;;;;;;;;;;;;;
;;;;;;;;;;;;;;;;;;;;;;;;;;
;;;;;;;;;;;;;;;;;;;;;;;;;;
;;;;;;;;;;;;;;;;;;;;;;;;;;
;;;;;;;;;;;;;;;;;;;;;;;;;;
;;;;;;;;;;;;;;;;;;;;;;;;;;
;;;;;;;;;;;;;;;;;;;;;;;;;;
;;;;;;;;;;;;;;;;;;;;;;;;;;
;;;;;;;;;;;;;;;;;;;;;;;;;;
;;;;;;;;;;;;;;;;;;;;;;;;;;
;;;;;;;;;;;;;;;;;;;;;;;;;;
;;;;;;;;;;;;;;;;;;;;;;;;;;
;;;;;;;;;;;;;;;;;;;;;;;;;;
;;;;;;;;;;;;;;;;;;;;;;;;;;
;;;;;;;;;;;;;;;;;;;;;;;;;;
;;;;;;;;;;;;;;;;;;;;;;;;;;
;;;;;;;;;;;;;;;;;;;;;;;;;;
;;;;;;;;;;;;;;;;;;;;;;;;;;
;;;;;;;;;;;;;;;;;;;;;;;;;;
;;;;;;;;;;;;;;;;;;;;;;;;;;
;;;;;;;;;;;;;;;;;;;;;;;;;;
;;;;;;;;;;;;;;;;;;;;;;;;;;
;;;;;;;;;;;;;;;;;;;;;;;;;;
;;;;;;;;;;;;;;;;;;;;;;;;;;
;;;;;;;;;;;;;;;;;;;;;;;;;;
;;;;;;;;;;;;;;;;;;;;;;;;;;
;;;;;;;;;;;;;;;;;;;;;;;;;;
;;;;;;;;;;;;;;;;;;;;;;;;;;
;;;;;;;;;;;;;;;;;;;;;;;;;;
;;;;;;;;;;;;;;;;;;;;;;;;;;
;;;;;;;;;;;;;;;;;;;;;;;;;;
;;;;;;;;;;;;;;;;;;;;;;;;;;
;;;;;;;;;;;;;;;;;;;;;;;;;;
;;;;;;;;;;;;;;;;;;;;;;;;;;
;;;;;;;;;;;;;;;;;;;;;;;;;;
;;;;;;;;;;;;;;;;;;;;;;;;;;
;;;;;;;;;;;;;;;;;;;;;;;;;;
;;;;;;;;;;;;;;;;;;;;;;;;;;
;;;;;;;;;;;;;;;;;;;;;;;;;;
;;;;;;;;;;;;;;;;;;;;;;;;;;
;;;;;;;;;;;;;;;;;;;;;;;;;;
;;;;;;;;;;;;;;;;;;;;;;;;;;
;;;;;;;;;;;;;;;;;;;;;;;;;;
;;;;;;;;;;;;;;;;;;;;;;;;;;
;;;;;;;;;;;;;;;;;;;;;;;;;;
;;;;;;;;;;;;;;;;;;;;;;;;;;
;;;;;;;;;;;;;;;;;;;;;;;;;;
;;;;;;;;;;;;;;;;;;;;;;;;;;
;;;;;;;;;;;;;;;;;;;;;;;;;;
;;;;;;;;;;;;;;;;;;;;;;;;;;
;;;;;;;;;;;;;;;;;;;;;;;;;;
;;;;;;;;;;;;;;;;;;;;;;;;;;
;;;;;;;;;;;;;;;;;;;;;;;;;;
;;;;;;;;;;;;;;;;;;;;;;;;;;
;;;;;;;;;;;;;;;;;;;;;;;;;;
;;;;;;;;;;;;;;;;;;;;;;;;;;
;;;;;;;;;;;;;;;;;;;;;;;;;;
;;;;;;;;;;;;;;;;;;;;;;;;;;
;;;;;;;;;;;;;;;;;;;;;;;;;;
;;;;;;;;;;;;;;;;;;;;;;;;;;
;;;;;;;;;;;;;;;;;;;;;;;;;;
;;;;;;;;;;;;;;;;;;;;;;;;;;
;;;;;;;;;;;;;;;;;;;;;;;;;;
;;;;;;;;;;;;;;;;;;;;;;;;;;
;;;;;;;;;;;;;;;;;;;;;;;;;;
;;;;;;;;;;;;;;;;;;;;;;;;;;
;;;;;;;;;;;;;;;;;;;;;;;;;;
;;;;;;;;;;;;;;;;;;;;;;;;;;
;;;;;;;;;;;;;;;;;;;;;;;;;;
;;;;;;;;;;;;;;;;;;;;;;;;;;
;;;;;;;;;;;;;;;;;;;;;;;;;;
;;;;;;;;;;;;;;;;;;;;;;;;;;
;;;;;;;;;;;;;;;;;;;;;;;;;;
;;;;;;;;;;;;;;;;;;;;;;;;;;
;;;;;;;;;;;;;;;;;;;;;;;;;;
;;;;;;;;;;;;;;;;;;;;;;;;;;
;;;;;;;;;;;;;;;;;;;;;;;;;;
;;;;;;;;;;;;;;;;;;;;;;;;;;
;;;;;;;;;;;;;;;;;;;;;;;;;;
;;;;;;;;;;;;;;;;;;;;;;;;;;
;;;;;;;;;;;;;;;;;;;;;;;;;;
;;;;;;;;;;;;;;;;;;;;;;;;;;
;;;;;;;;;;;;;;;;;;;;;;;;;;
;;;;;;;;;;;;;;;;;;;;;;;;;;
;;;;;;;;;;;;;;;;;;;;;;;;;;
;;;;;;;;;;;;;;;;;;;;;;;;;;
;;;;;;;;;;;;;;;;;;;;;;;;;;
;;;;;;;;;;;;;;;;;;;;;;;;;;
;;;;;;;;;;;;;;;;;;;;;;;;;;
;;;;;;;;;;;;;;;;;;;;;;;;;;
;;;;;;;;;;;;;;;;;;;;;;;;;;
;;;;;;;;;;;;;;;;;;;;;;;;;;
;;;;;;;;;;;;;;;;;;;;;;;;;;
;;;;;;;;;;;;;;;;;;;;;;;;;;
;;;;;;;;;;;;;;;;;;;;;;;;;;
;;;;;;;;;;;;;;;;;;;;;;;;;;
;;;;;;;;;;;;;;;;;;;;;;;;;;
;;;;;;;;;;;;;;;;;;;;;;;;;;
;;;;;;;;;;;;;;;;;;;;;;;;;;
;;;;;;;;;;;;;;;;;;;;;;;;;;
;;;;;;;;;;;;;;;;;;;;;;;;;;
;;;;;;;;;;;;;;;;;;;;;;;;;;
;;;;;;;;;;;;;;;;;;;;;;;;;;
;;;;;;;;;;;;;;;;;;;;;;;;;;
;;;;;;;;;;;;;;;;;;;;;;;;;;
;;;;;;;;;;;;;;;;;;;;;;;;;;
;;;;;;;;;;;;;;;;;;;;;;;;;;
;;;;;;;;;;;;;;;;;;;;;;;;;;
;;;;;;;;;;;;;;;;;;;;;;;;;;
;;;;;;;;;;;;;;;;;;;;;;;;;;
;;;;;;;;;;;;;;;;;;;;;;;;;;
;;;;;;;;;;;;;;;;;;;;;;;;;;
;;;;;;;;;;;;;;;;;;;;;;;;;;
;;;;;;;;;;;;;;;;;;;;;;;;;;
;;;;;;;;;;;;;;;;;;;;;;;;;;
;;;;;;;;;;;;;;;;;;;;;;;;;;
;;;;;;;;;;;;;;;;;;;;;;;;;;
;;;;;;;;;;;;;;;;;;;;;;;;;;
;;;;;;;;;;;;;;;;;;;;;;;;;;
;;;;;;;;;;;;;;;;;;;;;;;;;;
;;;;;;;;;;;;;;;;;;;;;;;;;;
;;;;;;;;;;;;;;;;;;;;;;;;;;
;;;;;;;;;;;;;;;;;;;;;;;;;;
;;;;;;;;;;;;;;;;;;;;;;;;;;
;;;;;;;;;;;;;;;;;;;;;;;;;;
;;;;;;;;;;;;;;;;;;;;;;;;;;
;;;;;;;;;;;;;;;;;;;;;;;;;;
;;;;;;;;;;;;;;;;;;;;;;;;;;
;;;;;;;;;;;;;;;;;;;;;;;;;;
;;;;;;;;;;;;;;;;;;;;;;;;;;
;;;;;;;;;;;;;;;;;;;;;;;;;;
;;;;;;;;;;;;;;;;;;;;;;;;;;
;;;;;;;;;;;;;;;;;;;;;;;;;;
;;;;;;;;;;;;;;;;;;;;;;;;;;
;;;;;;;;;;;;;;;;;;;;;;;;;;
;;;;;;;;;;;;;;;;;;;;;;;;;;
;;;;;;;;;;;;;;;;;;;;;;;;;;
;;;;;;;;;;;;;;;;;;;;;;;;;;
;;;;;;;;;;;;;;;;;;;;;;;;;;
;;;;;;;;;;;;;;;;;;;;;;;;;;
;;;;;;;;;;;;;;;;;;;;;;;;;;
;;;;;;;;;;;;;;;;;;;;;;;;;;
;;;;;;;;;;;;;;;;;;;;;;;;;;
;;;;;;;;;;;;;;;;;;;;;;;;;;
;;;;;;;;;;;;;;;;;;;;;;;;;;
;;;;;;;;;;;;;;;;;;;;;;;;;;
;;;;;;;;;;;;;;;;;;;;;;;;;;
;;;;;;;;;;;;;;;;;;;;;;;;;;
;;;;;;;;;;;;;;;;;;;;;;;;;;
;;;;;;;;;;;;;;;;;;;;;;;;;;
;;;;;;;;;;;;;;;;;;;;;;;;;;
;;;;;;;;;;;;;;;;;;;;;;;;;;
;;;;;;;;;;;;;;;;;;;;;;;;;;
;;;;;;;;;;;;;;;;;;;;;;;;;;
;;;;;;;;;;;;;;;;;;;;;;;;;;
;;;;;;;;;;;;;;;;;;;;;;;;;;
;;;;;;;;;;;;;;;;;;;;;;;;;;
;;;;;;;;;;;;;;;;;;;;;;;;;;
;;;;;;;;;;;;;;;;;;;;;;;;;;
;;;;;;;;;;;;;;;;;;;;;;;;;;
;;;;;;;;;;;;;;;;;;;;;;;;;;
;;;;;;;;;;;;;;;;;;;;;;;;;;
;;;;;;;;;;;;;;;;;;;;;;;;;;
;;;;;;;;;;;;;;;;;;;;;;;;;;
;;;;;;;;;;;;;;;;;;;;;;;;;;
;;;;;;;;;;;;;;;;;;;;;;;;;;
;;;;;;;;;;;;;;;;;;;;;;;;;;
;;;;;;;;;;;;;;;;;;;;;;;;;;
;;;;;;;;;;;;;;;;;;;;;;;;;;
;;;;;;;;;;;;;;;;;;;;;;;;;;
;;;;;;;;;;;;;;;;;;;;;;;;;;
;;;;;;;;;;;;;;;;;;;;;;;;;;
;;;;;;;;;;;;;;;;;;;;;;;;;;
;;;;;;;;;;;;;;;;;;;;;;;;;;
;;;;;;;;;;;;;;;;;;;;;;;;;;
;;;;;;;;;;;;;;;;;;;;;;;;;;
;;;;;;;;;;;;;;;;;;;;;;;;;;
;;;;;;;;;;;;;;;;;;;;;;;;;;
;;;;;;;;;;;;;;;;;;;;;;;;;;
;;;;;;;;;;;;;;;;;;;;;;;;;;
;;;;;;;;;;;;;;;;;;;;;;;;;;
;;;;;;;;;;;;;;;;;;;;;;;;;;
;;;;;;;;;;;;;;;;;;;;;;;;;;
;;;;;;;;;;;;;;;;;;;;;;;;;;
;;;;;;;;;;;;;;;;;;;;;;;;;;
;;;;;;;;;;;;;;;;;;;;;;;;;;
;;;;;;;;;;;;;;;;;;;;;;;;;;
;;;;;;;;;;;;;;;;;;;;;;;;;;
;;;;;;;;;;;;;;;;;;;;;;;;;;
;;;;;;;;;;;;;;;;;;;;;;;;;;
;;;;;;;;;;;;;;;;;;;;;;;;;;
;;;;;;;;;;;;;;;;;;;;;;;;;;
;;;;;;;;;;;;;;;;;;;;;;;;;;
;;;;;;;;;;;;;;;;;;;;;;;;;;
;;;;;;;;;;;;;;;;;;;;;;;;;;
;;;;;;;;;;;;;;;;;;;;;;;;;;
;;;;;;;;;;;;;;;;;;;;;;;;;;
;;;;;;;;;;;;;;;;;;;;;;;;;;
;;;;;;;;;;;;;;;;;;;;;;;;;;
;;;;;;;;;;;;;;;;;;;;;;;;;;
;;;;;;;;;;;;;;;;;;;;;;;;;;
;;;;;;;;;;;;;;;;;;;;;;;;;;
;;;;;;;;;;;;;;;;;;;;;;;;;;
;;;;;;;;;;;;;;;;;;;;;;;;;;
;;;;;;;;;;;;;;;;;;;;;;;;;;
;;;;;;;;;;;;;;;;;;;;;;;;;;
;;;;;;;;;;;;;;;;;;;;;;;;;;
;;;;;;;;;;;;;;;;;;;;;;;;;;
;;;;;;;;;;;;;;;;;;;;;;;;;;
;;;;;;;;;;;;;;;;;;;;;;;;;;
;;;;;;;;;;;;;;;;;;;;;;;;;;
;;;;;;;;;;;;;;;;;;;;;;;;;;
;;;;;;;;;;;;;;;;;;;;;;;;;;
;;;;;;;;;;;;;;;;;;;;;;;;;;
;;;;;;;;;;;;;;;;;;;;;;;;;;
;;;;;;;;;;;;;;;;;;;;;;;;;;
;;;;;;;;;;;;;;;;;;;;;;;;;;
;;;;;;;;;;;;;;;;;;;;;;;;;;
;;;;;;;;;;;;;;;;;;;;;;;;;;
;;;;;;;;;;;;;;;;;;;;;;;;;;
;;;;;;;;;;;;;;;;;;;;;;;;;;
;;;;;;;;;;;;;;;;;;;;;;;;;;
;;;;;;;;;;;;;;;;;;;;;;;;;;
;;;;;;;;;;;;;;;;;;;;;;;;;;
;;;;;;;;;;;;;;;;;;;;;;;;;;
;;;;;;;;;;;;;;;;;;;;;;;;;;
;;;;;;;;;;;;;;;;;;;;;;;;;;
;;;;;;;;;;;;;;;;;;;;;;;;;;
;;;;;;;;;;;;;;;;;;;;;;;;;;
;;;;;;;;;;;;;;;;;;;;;;;;;;
;;;;;;;;;;;;;;;;;;;;;;;;;;
;;;;;;;;;;;;;;;;;;;;;;;;;;
;;;;;;;;;;;;;;;;;;;;;;;;;;
;;;;;;;;;;;;;;;;;;;;;;;;;;
;;;;;;;;;;;;;;;;;;;;;;;;;;
;;;;;;;;;;;;;;;;;;;;;;;;;;
;;;;;;;;;;;;;;;;;;;;;;;;;;
;;;;;;;;;;;;;;;;;;;;;;;;;;
;;;;;;;;;;;;;;;;;;;;;;;;;;
;;;;;;;;;;;;;;;;;;;;;;;;;;
;;;;;;;;;;;;;;;;;;;;;;;;;;
;;;;;;;;;;;;;;;;;;;;;;;;;;
;;;;;;;;;;;;;;;;;;;;;;;;;;
;;;;;;;;;;;;;;;;;;;;;;;;;;
;;;;;;;;;;;;;;;;;;;;;;;;;;
;;;;;;;;;;;;;;;;;;;;;;;;;;
;;;;;;;;;;;;;;;;;;;;;;;;;;
;;;;;;;;;;;;;;;;;;;;;;;;;;
;;;;;;;;;;;;;;;;;;;;;;;;;;
;;;;;;;;;;;;;;;;;;;;;;;;;;
;;;;;;;;;;;;;;;;;;;;;;;;;;
;;;;;;;;;;;;;;;;;;;;;;;;;;
;;;;;;;;;;;;;;;;;;;;;;;;;;
;;;;;;;;;;;;;;;;;;;;;;;;;;
;;;;;;;;;;;;;;;;;;;;;;;;;;
;;;;;;;;;;;;;;;;;;;;;;;;;;
;;;;;;;;;;;;;;;;;;;;;;;;;;
;;;;;;;;;;;;;;;;;;;;;;;;;;
;;;;;;;;;;;;;;;;;;;;;;;;;;
;;;;;;;;;;;;;;;;;;;;;;;;;;
;;;;;;;;;;;;;;;;;;;;;;;;;;
;;;;;;;;;;;;;;;;;;;;;;;;;;
;;;;;;;;;;;;;;;;;;;;;;;;;;
;;;;;;;;;;;;;;;;;;;;;;;;;;
;;;;;;;;;;;;;;;;;;;;;;;;;;
;;;;;;;;;;;;;;;;;;;;;;;;;;
;;;;;;;;;;;;;;;;;;;;;;;;;;
;;;;;;;;;;;;;;;;;;;;;;;;;;
;;;;;;;;;;;;;;;;;;;;;;;;;;
;;;;;;;;;;;;;;;;;;;;;;;;;;
;;;;;;;;;;;;;;;;;;;;;;;;;;
;;;;;;;;;;;;;;;;;;;;;;;;;;
;;;;;;;;;;;;;;;;;;;;;;;;;;
;;;;;;;;;;;;;;;;;;;;;;;;;;
;;;;;;;;;;;;;;;;;;;;;;;;;;
;;;;;;;;;;;;;;;;;;;;;;;;;;
;;;;;;;;;;;;;;;;;;;;;;;;;;
;;;;;;;;;;;;;;;;;;;;;;;;;;
;;;;;;;;;;;;;;;;;;;;;;;;;;
;;;;;;;;;;;;;;;;;;;;;;;;;;
;;;;;;;;;;;;;;;;;;;;;;;;;;
;;;;;;;;;;;;;;;;;;;;;;;;;;
;;;;;;;;;;;;;;;;;;;;;;;;;;
;;;;;;;;;;;;;;;;;;;;;;;;;;
;;;;;;;;;;;;;;;;;;;;;;;;;;
;;;;;;;;;;;;;;;;;;;;;;;;;;
;;;;;;;;;;;;;;;;;;;;;;;;;;
;;;;;;;;;;;;;;;;;;;;;;;;;;
;;;;;;;;;;;;;;;;;;;;;;;;;;
;;;;;;;;;;;;;;;;;;;;;;;;;;
;;;;;;;;;;;;;;;;;;;;;;;;;;
;;;;;;;;;;;;;;;;;;;;;;;;;;
;;;;;;;;;;;;;;;;;;;;;;;;;;
;;;;;;;;;;;;;;;;;;;;;;;;;;
;;;;;;;;;;;;;;;;;;;;;;;;;;
;;;;;;;;;;;;;;;;;;;;;;;;;;
;;;;;;;;;;;;;;;;;;;;;;;;;;
;;;;;;;;;;;;;;;;;;;;;;;;;;
;;;;;;;;;;;;;;;;;;;;;;;;;;
;;;;;;;;;;;;;;;;;;;;;;;;;;
;;;;;;;;;;;;;;;;;;;;;;;;;;
;;;;;;;;;;;;;;;;;;;;;;;;;;
;;;;;;;;;;;;;;;;;;;;;;;;;;
;;;;;;;;;;;;;;;;;;;;;;;;;;
;;;;;;;;;;;;;;;;;;;;;;;;;;
;;;;;;;;;;;;;;;;;;;;;;;;;;
;;;;;;;;;;;;;;;;;;;;;;;;;;
;;;;;;;;;;;;;;;;;;;;;;;;;;
;;;;;;;;;;;;;;;;;;;;;;;;;;
;;;;;;;;;;;;;;;;;;;;;;;;;;
;;;;;;;;;;;;;;;;;;;;;;;;;;
;;;;;;;;;;;;;;;;;;;;;;;;;;
;;;;;;;;;;;;;;;;;;;;;;;;;;
;;;;;;;;;;;;;;;;;;;;;;;;;;
;;;;;;;;;;;;;;;;;;;;;;;;;;
;;;;;;;;;;;;;;;;;;;;;;;;;;
;;;;;;;;;;;;;;;;;;;;;;;;;;
;;;;;;;;;;;;;;;;;;;;;;;;;;
;;;;;;;;;;;;;;;;;;;;;;;;;;
;;;;;;;;;;;;;;;;;;;;;;;;;;
;;;;;;;;;;;;;;;;;;;;;;;;;;
;;;;;;;;;;;;;;;;;;;;;;;;;;
;;;;;;;;;;;;;;;;;;;;;;;;;;
;;;;;;;;;;;;;;;;;;;;;;;;;;
;;;;;;;;;;;;;;;;;;;;;;;;;;
;;;;;;;;;;;;;;;;;;;;;;;;;;
;;;;;;;;;;;;;;;;;;;;;;;;;;
;;;;;;;;;;;;;;;;;;;;;;;;;;
;;;;;;;;;;;;;;;;;;;;;;;;;;
;;;;;;;;;;;;;;;;;;;;;;;;;;
;;;;;;;;;;;;;;;;;;;;;;;;;;
;;;;;;;;;;;;;;;;;;;;;;;;;;
;;;;;;;;;;;;;;;;;;;;;;;;;;
;;;;;;;;;;;;;;;;;;;;;;;;;;
;;;;;;;;;;;;;;;;;;;;;;;;;;
;;;;;;;;;;;;;;;;;;;;;;;;;;
;;;;;;;;;;;;;;;;;;;;;;;;;;
;;;;;;;;;;;;;;;;;;;;;;;;;;
;;;;;;;;;;;;;;;;;;;;;;;;;;
;;;;;;;;;;;;;;;;;;;;;;;;;;
;;;;;;;;;;;;;;;;;;;;;;;;;;
;;;;;;;;;;;;;;;;;;;;;;;;;;
;;;;;;;;;;;;;;;;;;;;;;;;;;
;;;;;;;;;;;;;;;;;;;;;;;;;;
;;;;;;;;;;;;;;;;;;;;;;;;;;
;;;;;;;;;;;;;;;;;;;;;;;;;;
;;;;;;;;;;;;;;;;;;;;;;;;;;
;;;;;;;;;;;;;;;;;;;;;;;;;;
;;;;;;;;;;;;;;;;;;;;;;;;;;
;;;;;;;;;;;;;;;;;;;;;;;;;;
;;;;;;;;;;;;;;;;;;;;;;;;;;
;;;;;;;;;;;;;;;;;;;;;;;;;;
;;;;;;;;;;;;;;;;;;;;;;;;;;
;;;;;;;;;;;;;;;;;;;;;;;;;;
;;;;;;;;;;;;;;;;;;;;;;;;;;
;;;;;;;;;;;;;;;;;;;;;;;;;;
;;;;;;;;;;;;;;;;;;;;;;;;;;
;;;;;;;;;;;;;;;;;;;;;;;;;;
;;;;;;;;;;;;;;;;;;;;;;;;;;
;;;;;;;;;;;;;;;;;;;;;;;;;;
;;;;;;;;;;;;;;;;;;;;;;;;;;
;;;;;;;;;;;;;;;;;;;;;;;;;;
;;;;;;;;;;;;;;;;;;;;;;;;;;
;;;;;;;;;;;;;;;;;;;;;;;;;;
;;;;;;;;;;;;;;;;;;;;;;;;;;
;;;;;;;;;;;;;;;;;;;;;;;;;;
;;;;;;;;;;;;;;;;;;;;;;;;;;
;;;;;;;;;;;;;;;;;;;;;;;;;;
;;;;;;;;;;;;;;;;;;;;;;;;;;
;;;;;;;;;;;;;;;;;;;;;;;;;;
;;;;;;;;;;;;;;;;;;;;;;;;;;
;;;;;;;;;;;;;;;;;;;;;;;;;;
;;;;;;;;;;;;;;;;;;;;;;;;;;
;;;;;;;;;;;;;;;;;;;;;;;;;;
;;;;;;;;;;;;;;;;;;;;;;;;;;
;;;;;;;;;;;;;;;;;;;;;;;;;;
;;;;;;;;;;;;;;;;;;;;;;;;;;
;;;;;;;;;;;;;;;;;;;;;;;;;;
;;;;;;;;;;;;;;;;;;;;;;;;;;
;;;;;;;;;;;;;;;;;;;;;;;;;;
;;;;;;;;;;;;;;;;;;;;;;;;;;
;;;;;;;;;;;;;;;;;;;;;;;;;;
;;;;;;;;;;;;;;;;;;;;;;;;;;
;;;;;;;;;;;;;;;;;;;;;;;;;;
;;;;;;;;;;;;;;;;;;;;;;;;;;
;;;;;;;;;;;;;;;;;;;;;;;;;;
;;;;;;;;;;;;;;;;;;;;;;;;;;
;;;;;;;;;;;;;;;;;;;;;;;;;;
;;;;;;;;;;;;;;;;;;;;;;;;;;
;;;;;;;;;;;;;;;;;;;;;;;;;;
;;;;;;;;;;;;;;;;;;;;;;;;;;
;;;;;;;;;;;;;;;;;;;;;;;;;;
;;;;;;;;;;;;;;;;;;;;;;;;;;
;;;;;;;;;;;;;;;;;;;;;;;;;;
;;;;;;;;;;;;;;;;;;;;;;;;;;
;;;;;;;;;;;;;;;;;;;;;;;;;;
;;;;;;;;;;;;;;;;;;;;;;;;;;
;;;;;;;;;;;;;;;;;;;;;;;;;;
;;;;;;;;;;;;;;;;;;;;;;;;;;
;;;;;;;;;;;;;;;;;;;;;;;;;;
;;;;;;;;;;;;;;;;;;;;;;;;;;
;;;;;;;;;;;;;;;;;;;;;;;;;;
;;;;;;;;;;;;;;;;;;;;;;;;;;
;;;;;;;;;;;;;;;;;;;;;;;;;;
;;;;;;;;;;;;;;;;;;;;;;;;;;
;;;;;;;;;;;;;;;;;;;;;;;;;;
;;;;;;;;;;;;;;;;;;;;;;;;;;
;;;;;;;;;;;;;;;;;;;;;;;;;;
;;;;;;;;;;;;;;;;;;;;;;;;;;
;;;;;;;;;;;;;;;;;;;;;;;;;;
;;;;;;;;;;;;;;;;;;;;;;;;;;
;;;;;;;;;;;;;;;;;;;;;;;;;;
;;;;;;;;;;;;;;;;;;;;;;;;;;
;;;;;;;;;;;;;;;;;;;;;;;;;;
;;;;;;;;;;;;;;;;;;;;;;;;;;
;;;;;;;;;;;;;;;;;;;;;;;;;;
;;;;;;;;;;;;;;;;;;;;;;;;;;
;;;;;;;;;;;;;;;;;;;;;;;;;;
;;;;;;;;;;;;;;;;;;;;;;;;;;
;;;;;;;;;;;;;;;;;;;;;;;;;;
;;;;;;;;;;;;;;;;;;;;;;;;;;
;;;;;;;;;;;;;;;;;;;;;;;;;;
;;;;;;;;;;;;;;;;;;;;;;;;;;
;;;;;;;;;;;;;;;;;;;;;;;;;;
;;;;;;;;;;;;;;;;;;;;;;;;;;
;;;;;;;;;;;;;;;;;;;;;;;;;;
;;;;;;;;;;;;;;;;;;;;;;;;;;
;;;;;;;;;;;;;;;;;;;;;;;;;;
;;;;;;;;;;;;;;;;;;;;;;;;;;
;;;;;;;;;;;;;;;;;;;;;;;;;;
;;;;;;;;;;;;;;;;;;;;;;;;;;
;;;;;;;;;;;;;;;;;;;;;;;;;;
;;;;;;;;;;;;;;;;;;;;;;;;;;
;;;;;;;;;;;;;;;;;;;;;;;;;;
;;;;;;;;;;;;;;;;;;;;;;;;;;
;;;;;;;;;;;;;;;;;;;;;;;;;;
;;;;;;;;;;;;;;;;;;;;;;;;;;
;;;;;;;;;;;;;;;;;;;;;;;;;;
;;;;;;;;;;;;;;;;;;;;;;;;;;
;;;;;;;;;;;;;;;;;;;;;;;;;;
;;;;;;;;;;;;;;;;;;;;;;;;;;
;;;;;;;;;;;;;;;;;;;;;;;;;;
;;;;;;;;;;;;;;;;;;;;;;;;;;
;;;;;;;;;;;;;;;;;;;;;;;;;;
;;;;;;;;;;;;;;;;;;;;;;;;;;
;;;;;;;;;;;;;;;;;;;;;;;;;;
;;;;;;;;;;;;;;;;;;;;;;;;;;
;;;;;;;;;;;;;;;;;;;;;;;;;;
;;;;;;;;;;;;;;;;;;;;;;;;;;
;;;;;;;;;;;;;;;;;;;;;;;;;;
;;;;;;;;;;;;;;;;;;;;;;;;;;
;;;;;;;;;;;;;;;;;;;;;;;;;;
;;;;;;;;;;;;;;;;;;;;;;;;;;
;;;;;;;;;;;;;;;;;;;;;;;;;;
;;;;;;;;;;;;;;;;;;;;;;;;;;
;;;;;;;;;;;;;;;;;;;;;;;;;;
;;;;;;;;;;;;;;;;;;;;;;;;;;
;;;;;;;;;;;;;;;;;;;;;;;;;;
;;;;;;;;;;;;;;;;;;;;;;;;;;
;;;;;;;;;;;;;;;;;;;;;;;;;;
;;;;;;;;;;;;;;;;;;;;;;;;;;
;;;;;;;;;;;;;;;;;;;;;;;;;;
;;;;;;;;;;;;;;;;;;;;;;;;;;
;;;;;;;;;;;;;;;;;;;;;;;;;;
;;;;;;;;;;;;;;;;;;;;;;;;;;
;;;;;;;;;;;;;;;;;;;;;;;;;;
;;;;;;;;;;;;;;;;;;;;;;;;;;
;;;;;;;;;;;;;;;;;;;;;;;;;;
;;;;;;;;;;;;;;;;;;;;;;;;;;
;;;;;;;;;;;;;;;;;;;;;;;;;;
;;;;;;;;;;;;;;;;;;;;;;;;;;
;;;;;;;;;;;;;;;;;;;;;;;;;;
;;;;;;;;;;;;;;;;;;;;;;;;;;
;;;;;;;;;;;;;;;;;;;;;;;;;;
;;;;;;;;;;;;;;;;;;;;;;;;;;
;;;;;;;;;;;;;;;;;;;;;;;;;;
;;;;;;;;;;;;;;;;;;;;;;;;;;
;;;;;;;;;;;;;;;;;;;;;;;;;;
;;;;;;;;;;;;;;;;;;;;;;;;;;
;;;;;;;;;;;;;;;;;;;;;;;;;;
;;;;;;;;;;;;;;;;;;;;;;;;;;
;;;;;;;;;;;;;;;;;;;;;;;;;;
;;;;;;;;;;;;;;;;;;;;;;;;;;
;;;;;;;;;;;;;;;;;;;;;;;;;;
;;;;;;;;;;;;;;;;;;;;;;;;;;
;;;;;;;;;;;;;;;;;;;;;;;;;;
;;;;;;;;;;;;;;;;;;;;;;;;;;
;;;;;;;;;;;;;;;;;;;;;;;;;;
;;;;;;;;;;;;;;;;;;;;;;;;;;
;;;;;;;;;;;;;;;;;;;;;;;;;;
;;;;;;;;;;;;;;;;;;;;;;;;;;
;;;;;;;;;;;;;;;;;;;;;;;;;;
;;;;;;;;;;;;;;;;;;;;;;;;;;
;;;;;;;;;;;;;;;;;;;;;;;;;;
;;;;;;;;;;;;;;;;;;;;;;;;;;
;;;;;;;;;;;;;;;;;;;;;;;;;;
;;;;;;;;;;;;;;;;;;;;;;;;;;
;;;;;;;;;;;;;;;;;;;;;;;;;;
;;;;;;;;;;;;;;;;;;;;;;;;;;
;;;;;;;;;;;;;;;;;;;;;;;;;;
;;;;;;;;;;;;;;;;;;;;;;;;;;
;;;;;;;;;;;;;;;;;;;;;;;;;;
;;;;;;;;;;;;;;;;;;;;;;;;;;
;;;;;;;;;;;;;;;;;;;;;;;;;;
;;;;;;;;;;;;;;;;;;;;;;;;;;
;;;;;;;;;;;;;;;;;;;;;;;;;;
;;;;;;;;;;;;;;;;;;;;;;;;;;
;;;;;;;;;;;;;;;;;;;;;;;;;;
;;;;;;;;;;;;;;;;;;;;;;;;;;
;;;;;;;;;;;;;;;;;;;;;;;;;;
;;;;;;;;;;;;;;;;;;;;;;;;;;
;;;;;;;;;;;;;;;;;;;;;;;;;;
;;;;;;;;;;;;;;;;;;;;;;;;;;
;;;;;;;;;;;;;;;;;;;;;;;;;;
;;;;;;;;;;;;;;;;;;;;;;;;;;
;;;;;;;;;;;;;;;;;;;;;;;;;;
;;;;;;;;;;;;;;;;;;;;;;;;;;
;;;;;;;;;;;;;;;;;;;;;;;;;;
;;;;;;;;;;;;;;;;;;;;;;;;;;
;;;;;;;;;;;;;;;;;;;;;;;;;;
;;;;;;;;;;;;;;;;;;;;;;;;;;
;;;;;;;;;;;;;;;;;;;;;;;;;;
;;;;;;;;;;;;;;;;;;;;;;;;;;
;;;;;;;;;;;;;;;;;;;;;;;;;;
;;;;;;;;;;;;;;;;;;;;;;;;;;
;;;;;;;;;;;;;;;;;;;;;;;;;;
;;;;;;;;;;;;;;;;;;;;;;;;;;
;;;;;;;;;;;;;;;;;;;;;;;;;;
;;;;;;;;;;;;;;;;;;;;;;;;;;
;;;;;;;;;;;;;;;;;;;;;;;;;;
;;;;;;;;;;;;;;;;;;;;;;;;;;
;;;;;;;;;;;;;;;;;;;;;;;;;;
;;;;;;;;;;;;;;;;;;;;;;;;;;
;;;;;;;;;;;;;;;;;;;;;;;;;;
;;;;;;;;;;;;;;;;;;;;;;;;;;
;;;;;;;;;;;;;;;;;;;;;;;;;;
;;;;;;;;;;;;;;;;;;;;;;;;;;
;;;;;;;;;;;;;;;;;;;;;;;;;;
;;;;;;;;;;;;;;;;;;;;;;;;;;
;;;;;;;;;;;;;;;;;;;;;;;;;;
;;;;;;;;;;;;;;;;;;;;;;;;;;
;;;;;;;;;;;;;;;;;;;;;;;;;;
;;;;;;;;;;;;;;;;;;;;;;;;;;
;;;;;;;;;;;;;;;;;;;;;;;;;;
;;;;;;;;;;;;;;;;;;;;;;;;;;
;;;;;;;;;;;;;;;;;;;;;;;;;;
;;;;;;;;;;;;;;;;;;;;;;;;;;
;;;;;;;;;;;;;;;;;;;;;;;;;;
;;;;;;;;;;;;;;;;;;;;;;;;;;
;;;;;;;;;;;;;;;;;;;;;;;;;;
;;;;;;;;;;;;;;;;;;;;;;;;;;
;;;;;;;;;;;;;;;;;;;;;;;;;;
;;;;;;;;;;;;;;;;;;;;;;;;;;
;;;;;;;;;;;;;;;;;;;;;;;;;;
;;;;;;;;;;;;;;;;;;;;;;;;;;
;;;;;;;;;;;;;;;;;;;;;;;;;;
;;;;;;;;;;;;;;;;;;;;;;;;;;
;;;;;;;;;;;;;;;;;;;;;;;;;;
